Q29585235	Q44497
Q29585235	Q1778629
Q29584408	Q44497
Q29584408	Q1778629
Q1945600	Q44497
Q1945600	Q1778629
Q44497	Q44497
Q44497	Q1778629
Q770899	Q770899
Q770899	Q5915560
Q29584279	Q1924906
Q29584414	Q1924906
Q29584408	Q1924906
Q44497	Q1924906
Q29584279	Q44497
Q29584414	Q44497
Q29584279	Q29585240
Q29584414	Q29585240
Q29584408	Q29585240
Q44497	Q29585240
Q1924906	Q1924906
Q1924906	Q29585240
Q43183	Q43183
Q43183	Q476118
Q57774188	Q806718
Q57774188	Q837171
Q57774188	Q57774188
Q2518196	Q806718
Q2518196	Q837171
Q2518196	Q57774188
Q837171	Q57774188
Q806718	Q57774188
Q837171	Q806718
Q837171	Q837171
Q806718	Q806718
Q806718	Q837171
Q1341477	Q118291
Q1341477	Q816425
Q1341477	Q1341477
Q1341477	Q13405640
Q1341477	Q65119680
Q392933	Q880371
Q16955053	Q880371
Q862571	Q786829
Q778575	Q786829
Q43183	Q786829
Q1875606	Q786829
Q786829	Q786829
Q83698112	Q7590
Q177777	Q7590
Q2516512	Q7590
Q83698112	Q83698112
Q31207	Q136822
Q13405640	Q13405640
Q178512	Q178512
Q392933	Q936518
Q540912	Q13233
Q57262286	Q57262286
Q11467	Q57262286
Q695829	Q1660132
Q190117	Q190117
Q507443	Q126793
Q126793	Q126793
Q15825471	Q126793
Q3477381	Q601401
Q29585353	Q601401
Q29584585	Q601401
Q1924906	Q601401
Q115397763	Q941594
Q880371	Q880371
Q17102188	Q7590
Q17102188	Q22667
Q2316331	Q383973
Q2316331	Q472093
Q2316331	Q62058278
Q2729047	Q2729047
Q7406919	Q2306047
Q7406919	Q7406919
Q4290	Q3565868
Q418	Q2401742
Q418	Q56598901
Q289	Q11396960
Q173799	Q11396960
Q13400901	Q11396960
Q1572845	Q11396960
Q320020	Q18235436
Q18235436	Q18235436
Q2401742	Q2401742
Q2401742	Q56598901
Q778575	Q936518
Q941594	Q941594
Q5159627	Q540912
Q39809	Q39809
Q177777	Q57615173
Q651658	Q57615173
Q2516512	Q57615173
Q7590	Q57615173
Q177777	Q651658
Q651658	Q651658
Q862571	Q862571
Q340169	Q2324556
Q1323528	Q1323528
Q992968	Q992968
Q837171	Q650241
Q383973	Q472093
Q383973	Q62058278
Q1341478	Q472093
Q1341478	Q62058278
Q837171	Q112165968
Q43183	Q837171
Q156223	Q837171
Q43183	Q22687
Q43183	Q57774188
Q156223	Q22687
Q156223	Q57774188
Q862571	Q29585145
Q1349660	Q862571
Q1349660	Q29585145
Q29585145	Q862571
Q29585145	Q29585145
Q651658	Q178512
Q2316331	Q1341478
Q173799	Q27686
Q1951366	Q383973
Q383973	Q383973
Q126793	Q383973
Q123131935	Q383973
Q207652	Q207652
Q2316331	Q418
Q126793	Q484847
Q507619	Q484847
Q16766413	Q484847
Q180846	Q126793
Q13405640	Q684740
Q385378	Q684740
Q7040490	Q684740
Q29585032	Q29585032
Q29585032	Q107601756
Q107601756	Q29585032
Q107601756	Q107601756
Q126793	Q4899370
Q7590	Q1757562
Q1757562	Q1757562
Q7590	Q1285245
Q385378	Q1285245
Q1495452	Q1285245
Q9323634	Q1285245
Q873442	Q1285245
Q43183	Q626608
Q837171	Q626608
Q837171	Q43183
Q43183	Q4290
Q43183	Q791974
Q837171	Q4290
Q837171	Q791974
Q3565868	Q112165823
Q219577	Q1326624
Q2151621	Q1326624
Q46970	Q46970
Q126793	Q750656
Q6520325	Q2516512
Q6520325	Q6520325
Q123132142	Q2516512
Q123132142	Q6520325
Q123132144	Q2516512
Q123132144	Q6520325
Q123132145	Q2516512
Q123132145	Q6520325
Q6520325	Q746448
Q123132142	Q746448
Q123132144	Q746448
Q123132145	Q746448
Q6520325	Q112165448
Q123132142	Q112165448
Q123132144	Q112165448
Q123132145	Q112165448
Q56598901	Q2401742
Q126793	Q243697
Q3972943	Q243697
Q194118	Q194118
Q194118	Q56574802
Q56574802	Q194118
Q56574802	Q56574802
Q474200	Q474200
Q4393178	Q474200
Q55638	Q126793
Q396622	Q126793
Q396622	Q540912
Q2401742	Q806718
Q2401742	Q837171
Q2401742	Q57774188
Q56598901	Q806718
Q56598901	Q837171
Q56598901	Q57774188
Q4899370	Q11644505
Q507443	Q507443
Q507443	Q29584274
Q607081	Q607081
Q607081	Q5915560
Q607081	Q161928
Q56611639	Q192283
Q2401742	Q1058891
Q2401742	Q2858140
Q56598901	Q1058891
Q56598901	Q2858140
Q56598901	Q56598901
Q1058891	Q1058891
Q1058891	Q2401742
Q1058891	Q2858140
Q1058891	Q56598901
Q2858140	Q1058891
Q2858140	Q2401742
Q2858140	Q2858140
Q2858140	Q56598901
Q205495	Q862571
Q13107184	Q862571
Q83698112	Q177777
Q83698112	Q2516512
Q684740	Q3966429
Q82650	Q190117
Q126793	Q7406919
Q112165628	Q126793
Q112165628	Q7406919
Q16955053	Q404367
Q936518	Q404367
Q16955053	Q2876213
Q936518	Q2876213
Q17027266	Q190117
Q190117	Q17027266
Q17027266	Q17027266
Q220695	Q126793
Q220695	Q220695
Q811891	Q126793
Q811891	Q220695
Q9323634	Q49389
Q9323634	Q9323634
Q9323634	Q484847
Q9323634	Q35127
Q837171	Q207652
Q837171	Q29585155
Q29585689	Q207652
Q29585689	Q29585155
Q29584334	Q207652
Q29584334	Q29585155
Q126793	Q7361709
Q778575	Q7361709
Q192127	Q4201895
Q746359	Q746359
Q219577	Q358333
Q219577	Q862571
Q5418962	Q358333
Q5418962	Q862571
Q219577	Q11030
Q5418962	Q11030
Q219577	Q219577
Q219577	Q2995256
Q219577	Q42240
Q4290	Q187939
Q4290	Q2836940
Q180388	Q180388
Q778575	Q112165723
Q56598570	Q56598570
Q56598570	Q190117
Q56598570	Q193234
Q1326885	Q249
Q1326885	Q11023
Q1326885	Q1326885
Q83283234	Q1324934
Q880371	Q97466080
Q392933	Q392933
Q392933	Q101333
Q392933	Q29584583
Q107597925	Q101333
Q107597925	Q392933
Q107597925	Q29584583
Q638608	Q746359
Q220499	Q746359
Q638608	Q20899
Q220499	Q20899
Q638608	Q220499
Q638608	Q638608
Q220499	Q220499
Q220499	Q638608
Q638608	Q7281175
Q220499	Q7281175
Q484847	Q29585129
Q484847	Q29585577
Q484847	Q29585678
Q2922469	Q995609
Q11451	Q995609
Q540912	Q995609
Q207652	Q995609
Q2401742	Q56611639
Q1326885	Q29585533
Q1326885	Q29585545
Q13405640	Q12144907
Q8421	Q8421
Q8421	Q2876213
Q1985622	Q392933
Q1985622	Q190117
Q13405640	Q121359
Q13405640	Q2401742
Q3565868	Q121359
Q3565868	Q2401742
Q2072431	Q121359
Q2072431	Q2401742
Q385378	Q13405640
Q15067276	Q15067276
Q15067276	Q130370834
Q96107472	Q2151621
Q96107472	Q80638
Q484847	Q11030
Q1951366	Q1951366
Q2151621	Q1951366
Q1341477	Q1951366
Q1326594	Q1951366
Q1951366	Q2151621
Q2151621	Q2151621
Q200928	Q2151621
Q112046	Q2151621
Q941594	Q192851
Q941594	Q57262286
Q941594	Q1415395
Q941594	Q2575347
Q285759	Q43183
Q285759	Q476118
Q285759	Q112166017
Q189447	Q43183
Q189447	Q476118
Q189447	Q112166017
Q2089936	Q43183
Q2089936	Q476118
Q2089936	Q112166017
Q2401742	Q56611700
Q56611700	Q2401742
Q56611700	Q56611639
Q56611700	Q56611700
Q56611639	Q2401742
Q56611639	Q56611639
Q56611639	Q56611700
Q219577	Q383973
Q1341477	Q383973
Q2151621	Q219577
Q219577	Q44497
Q2151621	Q44497
Q219577	Q1341477
Q4072210	Q4072210
Q2151621	Q4072210
Q607081	Q29585062
Q607081	Q107601662
Q107601662	Q29585062
Q107601662	Q107601662
Q29585060	Q29585062
Q29585060	Q107601662
Q936518	Q8434
Q936518	Q484000
Q11661	Q8434
Q11661	Q484000
Q19595701	Q1442415
Q837171	Q862571
Q29584769	Q862571
Q29584338	Q862571
Q44497	Q862571
Q207652	Q862571
Q837171	Q44106
Q837171	Q907703
Q837171	Q107601756
Q29584769	Q44106
Q29584769	Q207652
Q29584769	Q907703
Q29584769	Q107601756
Q29584338	Q44106
Q29584338	Q207652
Q29584338	Q907703
Q29584338	Q107601756
Q44497	Q44106
Q44497	Q207652
Q44497	Q907703
Q44497	Q107601756
Q907703	Q44106
Q907703	Q207652
Q907703	Q907703
Q907703	Q107601756
Q1187656	Q44106
Q1187656	Q207652
Q1187656	Q907703
Q1187656	Q107601756
Q837171	Q44497
Q29584769	Q44497
Q29584338	Q44497
Q837171	Q7167
Q837171	Q601401
Q29584769	Q7167
Q29584769	Q601401
Q29584338	Q7167
Q29584338	Q601401
Q44497	Q7167
Q44497	Q601401
Q837171	Q29584334
Q837171	Q29584769
Q29584769	Q837171
Q29584769	Q29584334
Q29584769	Q29584769
Q29584338	Q837171
Q29584338	Q29584334
Q29584338	Q29584769
Q44497	Q837171
Q44497	Q29584334
Q44497	Q29584769
Q837171	Q1341477
Q29584769	Q1341477
Q29584338	Q1341477
Q44497	Q1341477
Q837171	Q29584989
Q29584769	Q29584989
Q29584338	Q29584989
Q44497	Q29584989
Q837171	Q3565868
Q29584769	Q3565868
Q29584338	Q3565868
Q44497	Q3565868
Q19966097	Q207652
Q19966097	Q29585005
Q19966097	Q29585166
Q207652	Q29585005
Q207652	Q29585166
Q110702998	Q177923
Q110702998	Q194118
Q1609891	Q2922469
Q29585005	Q540912
Q107601756	Q540912
Q29585005	Q29585005
Q29585005	Q107601756
Q107601756	Q29585005
Q837171	Q1283714
Q837171	Q29585018
Q188913	Q1283714
Q188913	Q29585018
Q29584334	Q1283714
Q29584334	Q29585018
Q29584336	Q43183
Q2401742	Q418
Q418	Q418
Q2401742	Q107605278
Q418	Q107605278
Q2401742	Q1326885
Q418	Q1326885
Q187939	Q1326885
Q1434048	Q1326885
Q101333	Q1326885
Q1425343	Q1326885
Q43035	Q1326885
Q12739	Q1326885
Q607081	Q29584447
Q107601662	Q29584447
Q607081	Q207652
Q607081	Q29584490
Q29584490	Q207652
Q29584490	Q607081
Q29584490	Q29584490
Q207652	Q607081
Q207652	Q29584490
Q56604620	Q1283714
Q29584400	Q1283714
Q1283714	Q1283714
Q29584334	Q837171
Q29584334	Q29584334
Q837171	Q1924906
Q837171	Q29585235
Q29584334	Q1924906
Q29584334	Q29585235
Q126793	Q11828862
Q607081	Q126793
Q607081	Q11828862
Q56604674	Q56604674
Q130286	Q29585420
Q29585420	Q29585420
Q29585030	Q29585490
Q29585490	Q29585490
Q11451	Q29585490
Q29584820	Q29585914
Q29584820	Q112122797
Q29585914	Q29585914
Q29585914	Q112122797
Q130286	Q112122784
Q112128860	Q112128860
Q117199495	Q56611639
Q117199495	Q2151621
Q117199495	Q2285982
Q2285982	Q2285982
Q392933	Q2285982
Q112122787	Q29585229
Q112122787	Q29585231
Q29585697	Q29585229
Q29585697	Q29585231
Q29585231	Q29585229
Q29585231	Q29585231
Q29584789	Q276099
Q29584789	Q29584273
Q29584789	Q29584308
Q29584789	Q29584493
Q29584789	Q29584494
Q29584789	Q29585524
Q29584789	Q29585554
Q29584769	Q276099
Q29584769	Q29584273
Q29584769	Q29584308
Q29584769	Q29584493
Q29584769	Q29584494
Q29584769	Q29585524
Q29584769	Q29585554
Q56611700	Q837171
Q56611700	Q16319025
Q880371	Q837171
Q880371	Q16319025
Q11661	Q837171
Q11661	Q16319025
Q21157865	Q837171
Q21157865	Q16319025
Q56611700	Q11661
Q56611700	Q880371
Q880371	Q11661
Q11661	Q11661
Q11661	Q880371
Q21157865	Q11661
Q21157865	Q880371
Q837171	Q2285982
Q1924906	Q2285982
Q1924906	Q29585235
Q112122778	Q29585987
Q112122778	Q112122809
Q29585697	Q29585987
Q29585697	Q112122809
Q112128806	Q29585694
Q112128806	Q112122781
Q29585701	Q29585694
Q29585701	Q112122781
Q112122780	Q29585694
Q112122780	Q112122781
Q29585712	Q29585694
Q29585712	Q112122781
Q112122790	Q29585694
Q112122790	Q112122781
Q29585433	Q29585433
Q29585436	Q29585433
Q29585434	Q29585433
Q112122737	Q29585433
Q112122679	Q112122663
Q112122679	Q112122679
Q112122663	Q112122663
Q112122663	Q112122679
Q112132287	Q112122663
Q112132287	Q112122679
Q112122664	Q112122663
Q112122664	Q112122679
Q29585550	Q112122663
Q29585550	Q112122679
Q112122665	Q112122663
Q112122665	Q112122679
Q29584505	Q29584253
Q29584505	Q29584505
Q29584505	Q29585219
Q29585219	Q29584253
Q29585219	Q29584505
Q29585219	Q29585219
Q29584253	Q29584253
Q29584253	Q29584505
Q29584253	Q29585219
Q29585044	Q29585044
Q29585044	Q107601756
Q29585506	Q29585044
Q29585506	Q107601756
Q107601756	Q29585044
Q778575	Q11451
Q778575	Q1495452
Q29585010	Q29584467
Q29585010	Q29585010
Q29585010	Q107598107
Q29585010	Q107601756
Q107601756	Q29584467
Q107601756	Q29585010
Q107601756	Q107598107
Q10302058	Q10302058
Q14864997	Q11647879
Q837171	Q220695
Q837171	Q1625796
Q837171	Q29585098
Q29585098	Q220695
Q29585098	Q1625796
Q29585098	Q29585098
Q29584769	Q220695
Q29584769	Q1625796
Q29584769	Q29585098
Q1625796	Q220695
Q1625796	Q1625796
Q1625796	Q29585098
Q220695	Q474200
Q29585098	Q474200
Q1625796	Q474200
Q1326594	Q1061108
Q1326594	Q1803786
Q1326594	Q29584659
Q1326594	Q107594896
Q1326594	Q1341477
Q294217	Q44497
Q29584334	Q44497
Q107597925	Q44497
Q29584253	Q44497
Q1924906	Q44497
Q29584313	Q44497
Q107601662	Q44497
Q207652	Q44497
Q1326885	Q44497
Q29584769	Q29584980
Q294217	Q29584980
Q29584334	Q29584980
Q10302058	Q746359
Q14864997	Q540912
Q29584769	Q12089268
Q29584769	Q29584770
Q29584334	Q29584770
Q26897133	Q26897133
Q178512	Q2516512
Q1762479	Q2516512
Q29584334	Q29585695
Q29584334	Q29584313
Q29584334	Q2401742
Q2518196	Q2518196
Q1270407	Q2518196
Q2518196	Q1270407
Q1341477	Q1326594
Q1951366	Q1326594
Q3972943	Q3972943
Q3972943	Q2085381
Q1326594	Q1326594
Q29584923	Q1283714
Q29584923	Q29584923
Q1283714	Q29584923
Q29584770	Q12880211
Q29584769	Q12880211
Q29584313	Q29584313
Q29584334	Q29584769
Q29584334	Q3565868
Q29584769	Q1061108
Q29584334	Q1061108
Q29584769	Q474883
Q29584334	Q474883
Q601401	Q126793
Q1951366	Q472093
Q1957814	Q29585060
Q1957814	Q107601662
Q540912	Q540912
Q540912	Q1347753
Q29584638	Q190117
Q29584638	Q29585306
Q29584638	Q107597925
Q29584638	Q107597958
Q29584629	Q190117
Q29584629	Q29585306
Q29584629	Q107597925
Q29584629	Q107597958
Q107597958	Q190117
Q107597958	Q29585306
Q107597958	Q107597925
Q107597958	Q107597958
Q190117	Q29585306
Q190117	Q107597925
Q190117	Q107597958
Q474200	Q190117
Q474200	Q29585306
Q474200	Q107597925
Q474200	Q107597958
Q4265939	Q190117
Q4265939	Q29585306
Q4265939	Q107597925
Q4265939	Q107597958
Q1875606	Q190117
Q1875606	Q29585306
Q1875606	Q107597925
Q1875606	Q107597958
Q29584639	Q190117
Q29584639	Q29585306
Q29584639	Q107597925
Q29584639	Q107597958
Q29584635	Q190117
Q29584635	Q29585306
Q29584635	Q107597925
Q29584635	Q107597958
Q29585254	Q190117
Q29585254	Q29585306
Q29585254	Q107597925
Q29585254	Q107597958
Q29585354	Q190117
Q29585354	Q29585306
Q29585354	Q107597925
Q29585354	Q107597958
Q107597925	Q190117
Q107597925	Q29585306
Q107597925	Q107597925
Q107597925	Q107597958
Q392933	Q190117
Q392933	Q29585306
Q392933	Q107597925
Q392933	Q107597958
Q29584638	Q392933
Q29584638	Q765633
Q29584638	Q29584638
Q29584629	Q392933
Q29584629	Q765633
Q29584629	Q29584638
Q107597958	Q392933
Q107597958	Q765633
Q107597958	Q29584638
Q190117	Q765633
Q190117	Q29584638
Q474200	Q765633
Q474200	Q29584638
Q4265939	Q765633
Q4265939	Q29584638
Q1875606	Q765633
Q1875606	Q29584638
Q29584639	Q765633
Q29584639	Q29584638
Q29584635	Q765633
Q29584635	Q29584638
Q29585254	Q765633
Q29585254	Q29584638
Q29585354	Q765633
Q29585354	Q29584638
Q107597925	Q765633
Q107597925	Q29584638
Q392933	Q765633
Q392933	Q29584638
Q418	Q184973
Q29584334	Q29585697
Q936518	Q936518
Q936518	Q2729047
Q936518	Q3798668
Q12089268	Q862571
Q12089268	Q1349660
Q12089268	Q12089268
Q862571	Q1349660
Q862571	Q12089268
Q29584709	Q29584709
Q29585235	Q29584334
Q1924906	Q29584334
Q29585235	Q1924906
Q29585235	Q29584583
Q1924906	Q29584583
Q29585169	Q29585169
Q207652	Q29585169
Q29584770	Q44497
Q3565868	Q3565868
Q64514542	Q66736036
Q66736036	Q66736036
Q29585723	Q29585034
Q29585723	Q107601756
Q29584769	Q29585034
Q107601756	Q29585034
Q29585723	Q11644505
Q29584769	Q11644505
Q107601756	Q11644505
Q29584770	Q29584334
Q29584770	Q29584769
Q3565868	Q1945600
Q3565868	Q16638398
Q29585246	Q107598010
Q1924906	Q107598010
Q207652	Q1326594
Q207652	Q1803786
Q207652	Q29585157
Q29584334	Q1502514
Q11456	Q581105
Q746359	Q581105
Q19595701	Q581105
Q625568	Q581105
Q2285982	Q474200
Q187939	Q56604644
Q187939	Q331814
Q187939	Q190117
Q1957908	Q190117
Q1957908	Q4265939
Q1957908	Q29584629
Q1957908	Q107597925
Q1957908	Q107597958
Q212920	Q392933
Q212920	Q2876213
Q212920	Q11650
Q212920	Q29585517
Q2401742	Q1924906
Q418	Q1924906
Q778575	Q2401742
Q2401742	Q25245117
Q2401742	Q11661
Q2401742	Q190117
Q5268834	Q190117
Q2401742	Q1077064
Q2401742	Q16668826
Q2401742	Q184452
Q837171	Q385378
Q29584231	Q385378
Q385378	Q385378
Q187939	Q385378
Q1540863	Q385378
Q1957908	Q385378
Q126793	Q385378
Q184199	Q101333
Q29584583	Q101333
Q1924906	Q101333
Q190117	Q786820
Q1065656	Q1065656
Q11644505	Q11644505
Q11644505	Q107601756
Q837171	Q986008
Q837171	Q1956140
Q837171	Q806750
Q837171	Q2518196
Q3966	Q1301371
Q11661	Q1301371
Q1666934	Q1301371
Q3966	Q1067601
Q11661	Q1067601
Q1666934	Q1067601
Q3966	Q880371
Q1666934	Q880371
Q3966	Q11661
Q1666934	Q11661
Q3966	Q5358497
Q11661	Q5358497
Q1666934	Q5358497
Q3966	Q66221
Q11661	Q66221
Q1666934	Q66221
Q3966	Q141090
Q3966	Q1318054
Q11661	Q141090
Q11661	Q1318054
Q1666934	Q141090
Q1666934	Q1318054
Q3966	Q1481411
Q11661	Q1481411
Q1666934	Q1481411
Q3966	Q179310
Q3966	Q817138
Q11661	Q179310
Q11661	Q817138
Q1666934	Q179310
Q1666934	Q817138
Q56598901	Q418
Q57774188	Q2401742
Q15825471	Q112165748
Q126793	Q112165748
Q15825471	Q15825471
Q126793	Q15825471
Q15825471	Q29585561
Q126793	Q29585561
Q11644505	Q131734
Q11644505	Q3150593
Q11644505	Q4899370
Q131734	Q131734
Q11644505	Q540912
Q11644505	Q869095
Q1326885	Q11661
Q1326885	Q175403
Q2986369	Q11661
Q2986369	Q175403
Q1067601	Q11661
Q1067601	Q175403
Q1326885	Q2986369
Q2986369	Q2986369
Q1067601	Q2986369
Q5418962	Q61054412
Q5418962	Q2876213
Q5418962	Q507443
Q5418962	Q31207
Q190117	Q101333
Q170196	Q101333
Q335415	Q101333
Q43035	Q11456
Q43035	Q467054
Q609131	Q11456
Q609131	Q467054
Q609131	Q1326885
Q327092	Q11456
Q327092	Q467054
Q327092	Q1326885
Q1786253	Q11456
Q1786253	Q467054
Q1786253	Q1326885
Q778575	Q11456
Q778575	Q467054
Q778575	Q1326885
Q101333	Q11456
Q101333	Q467054
Q17177506	Q11456
Q17177506	Q467054
Q17177506	Q1326885
Q6554101	Q11456
Q6554101	Q467054
Q6554101	Q1326885
Q1326885	Q11456
Q1326885	Q467054
Q11650	Q11456
Q11650	Q467054
Q11650	Q1326885
Q2401742	Q11456
Q2401742	Q467054
Q2986369	Q11456
Q2986369	Q467054
Q2986369	Q1326885
Q5358497	Q11456
Q5358497	Q467054
Q5358497	Q1326885
Q43035	Q1481411
Q43035	Q1540863
Q43035	Q112166038
Q609131	Q1481411
Q609131	Q1540863
Q609131	Q112166038
Q327092	Q1481411
Q327092	Q1540863
Q327092	Q112166038
Q1786253	Q1481411
Q1786253	Q1540863
Q1786253	Q112166038
Q778575	Q1481411
Q778575	Q1540863
Q778575	Q112166038
Q101333	Q1481411
Q101333	Q1540863
Q101333	Q112166038
Q17177506	Q1481411
Q17177506	Q1540863
Q17177506	Q112166038
Q6554101	Q1481411
Q6554101	Q1540863
Q6554101	Q112166038
Q1326885	Q1481411
Q1326885	Q1540863
Q1326885	Q112166038
Q11650	Q1481411
Q11650	Q1540863
Q11650	Q112166038
Q2401742	Q1481411
Q2401742	Q1540863
Q2401742	Q112166038
Q43035	Q880371
Q609131	Q880371
Q327092	Q880371
Q1786253	Q880371
Q778575	Q880371
Q101333	Q880371
Q17177506	Q880371
Q6554101	Q880371
Q1326885	Q880371
Q11650	Q880371
Q2401742	Q880371
Q43035	Q837171
Q609131	Q837171
Q327092	Q837171
Q1786253	Q837171
Q778575	Q837171
Q101333	Q837171
Q17177506	Q837171
Q6554101	Q837171
Q1326885	Q837171
Q11650	Q837171
Q43035	Q187939
Q609131	Q187939
Q327092	Q187939
Q1786253	Q187939
Q778575	Q187939
Q101333	Q187939
Q17177506	Q187939
Q6554101	Q187939
Q1326885	Q187939
Q11650	Q187939
Q2401742	Q187939
Q43035	Q778575
Q609131	Q778575
Q327092	Q778575
Q1786253	Q778575
Q778575	Q778575
Q101333	Q778575
Q17177506	Q778575
Q6554101	Q778575
Q1326885	Q778575
Q11650	Q778575
Q2401742	Q778575
Q43035	Q5268834
Q609131	Q5268834
Q327092	Q5268834
Q1786253	Q5268834
Q778575	Q5268834
Q101333	Q5268834
Q17177506	Q5268834
Q6554101	Q5268834
Q1326885	Q5268834
Q11650	Q5268834
Q2401742	Q5268834
Q43035	Q638608
Q609131	Q638608
Q327092	Q638608
Q1786253	Q638608
Q778575	Q638608
Q101333	Q638608
Q17177506	Q638608
Q6554101	Q638608
Q1326885	Q638608
Q11650	Q638608
Q2401742	Q638608
Q43035	Q43302
Q609131	Q43302
Q327092	Q43302
Q1786253	Q43302
Q778575	Q43302
Q101333	Q43302
Q17177506	Q43302
Q6554101	Q43302
Q1326885	Q43302
Q11650	Q43302
Q2401742	Q43302
Q43302	Q43302
Q43035	Q31207
Q43035	Q507443
Q43035	Q1519843
Q609131	Q31207
Q609131	Q507443
Q609131	Q1519843
Q327092	Q31207
Q327092	Q507443
Q327092	Q1519843
Q1786253	Q31207
Q1786253	Q507443
Q1786253	Q1519843
Q778575	Q31207
Q778575	Q507443
Q778575	Q1519843
Q101333	Q31207
Q101333	Q507443
Q101333	Q1519843
Q17177506	Q31207
Q17177506	Q507443
Q17177506	Q1519843
Q6554101	Q31207
Q6554101	Q507443
Q6554101	Q1519843
Q1326885	Q31207
Q1326885	Q507443
Q1326885	Q1519843
Q11650	Q31207
Q11650	Q507443
Q11650	Q1519843
Q2401742	Q31207
Q2401742	Q507443
Q2401742	Q1519843
Q43035	Q101333
Q609131	Q101333
Q327092	Q101333
Q1786253	Q101333
Q778575	Q101333
Q101333	Q101333
Q17177506	Q101333
Q6554101	Q101333
Q1326885	Q101333
Q11650	Q101333
Q2401742	Q101333
Q2986369	Q101333
Q2986369	Q187939
Q3477381	Q101333
Q3477381	Q187939
Q56604188	Q101333
Q56604188	Q187939
Q43035	Q418
Q609131	Q418
Q327092	Q418
Q1786253	Q418
Q778575	Q418
Q101333	Q418
Q17177506	Q418
Q6554101	Q418
Q1326885	Q418
Q11650	Q418
Q1780509	Q418
Q17517	Q418
Q1301371	Q418
Q2425052	Q418
Q1666934	Q418
Q1546066	Q418
Q43035	Q2995256
Q609131	Q2995256
Q327092	Q2995256
Q1786253	Q2995256
Q778575	Q2995256
Q101333	Q2995256
Q17177506	Q2995256
Q6554101	Q2995256
Q1326885	Q2995256
Q11650	Q2995256
Q2401742	Q2995256
Q43035	Q190117
Q43035	Q936518
Q609131	Q190117
Q609131	Q936518
Q327092	Q190117
Q327092	Q936518
Q1786253	Q190117
Q1786253	Q936518
Q778575	Q190117
Q101333	Q190117
Q101333	Q936518
Q17177506	Q190117
Q17177506	Q936518
Q6554101	Q190117
Q6554101	Q936518
Q1326885	Q190117
Q1326885	Q936518
Q11650	Q190117
Q11650	Q936518
Q2401742	Q936518
Q43035	Q43035
Q609131	Q43035
Q327092	Q43035
Q1786253	Q43035
Q778575	Q43035
Q101333	Q43035
Q17177506	Q43035
Q6554101	Q43035
Q1326885	Q43035
Q11650	Q43035
Q2401742	Q43035
Q43035	Q29584603
Q43035	Q107598010
Q609131	Q29584603
Q609131	Q107598010
Q327092	Q29584603
Q327092	Q107598010
Q1786253	Q29584603
Q1786253	Q107598010
Q778575	Q29584603
Q778575	Q107598010
Q101333	Q29584603
Q101333	Q107598010
Q17177506	Q29584603
Q17177506	Q107598010
Q6554101	Q29584603
Q6554101	Q107598010
Q1326885	Q29584603
Q1326885	Q107598010
Q11650	Q29584603
Q11650	Q107598010
Q2401742	Q29584603
Q2401742	Q107598010
Q43035	Q385378
Q43035	Q2431825
Q43035	Q13377238
Q609131	Q385378
Q609131	Q2431825
Q609131	Q13377238
Q327092	Q385378
Q327092	Q2431825
Q327092	Q13377238
Q1786253	Q385378
Q1786253	Q2431825
Q1786253	Q13377238
Q778575	Q385378
Q778575	Q2431825
Q778575	Q13377238
Q101333	Q385378
Q101333	Q2431825
Q101333	Q13377238
Q17177506	Q385378
Q17177506	Q2431825
Q17177506	Q13377238
Q6554101	Q385378
Q6554101	Q2431825
Q6554101	Q13377238
Q1326885	Q385378
Q1326885	Q2431825
Q1326885	Q13377238
Q11650	Q385378
Q11650	Q2431825
Q11650	Q13377238
Q2401742	Q385378
Q2401742	Q2431825
Q2401742	Q13377238
Q43035	Q29584615
Q609131	Q29584615
Q327092	Q29584615
Q1786253	Q29584615
Q778575	Q29584615
Q101333	Q29584615
Q17177506	Q29584615
Q6554101	Q29584615
Q1326885	Q29584615
Q11650	Q29584615
Q2401742	Q29584615
Q29585155	Q1326885
Q29585155	Q29584615
Q207652	Q1326885
Q207652	Q29584615
Q43035	Q1341477
Q609131	Q1341477
Q327092	Q1341477
Q1786253	Q1341477
Q778575	Q1341477
Q101333	Q1341477
Q17177506	Q1341477
Q6554101	Q1341477
Q1326885	Q1341477
Q11650	Q1341477
Q2401742	Q1341477
Q43035	Q2401742
Q43035	Q29584769
Q609131	Q2401742
Q609131	Q29584769
Q327092	Q2401742
Q327092	Q29584769
Q1786253	Q2401742
Q1786253	Q29584769
Q778575	Q29584769
Q101333	Q2401742
Q101333	Q29584769
Q17177506	Q2401742
Q17177506	Q29584769
Q6554101	Q2401742
Q6554101	Q29584769
Q1326885	Q2401742
Q1326885	Q29584769
Q11650	Q2401742
Q11650	Q29584769
Q2401742	Q29584769
Q601401	Q220695
Q601401	Q716785
Q220695	Q716785
Q716785	Q220695
Q716785	Q716785
Q601401	Q11469
Q601401	Q15328
Q601401	Q11644505
Q601401	Q862571
Q21328659	Q862571
Q2225985	Q862571
Q418	Q862571
Q1266169	Q862571
Q11371	Q862571
Q1666934	Q862571
Q601401	Q4899370
Q601401	Q11650
Q601401	Q1326885
Q601401	Q3749263
Q601401	Q622662
Q601401	Q190117
Q601401	Q2283886
Q601401	Q837171
Q601401	Q57774188
Q319845	Q837171
Q319845	Q57774188
Q2047357	Q837171
Q2047357	Q57774188
Q601401	Q155930
Q601401	Q207652
Q601401	Q4063722
Q101333	Q29584635
Q101333	Q107597958
Q29584635	Q29584635
Q107597925	Q29584635
Q107597958	Q29584635
Q101333	Q4265939
Q29584635	Q4265939
Q107597925	Q4265939
Q107597958	Q4265939
Q190117	Q178512
Q190117	Q112165447
Q190117	Q43193
Q190117	Q1957908
Q190117	Q874311
Q12880211	Q12880211
Q11644505	Q59308842
Q507443	Q7108
Q507443	Q11451
Q902296	Q7108
Q902296	Q11451
Q11474	Q7108
Q11474	Q11451
Q207652	Q7108
Q207652	Q11451
Q507443	Q207652
Q902296	Q207652
Q11474	Q207652
Q902296	Q507443
Q11474	Q507443
Q207652	Q507443
Q862571	Q4318084
Q880371	Q941594
Q2986369	Q6002306
Q862571	Q16070574
Q2401742	Q11033
Q56598901	Q11033
Q2401742	Q11371
Q56598901	Q11371
Q2401742	Q126793
Q56598901	Q126793
Q2401742	Q15078788
Q56598901	Q15078788
Q101333	Q11661
Q11661	Q276099
Q101333	Q276099
Q11661	Q112166194
Q101333	Q112166194
Q11661	Q2383811
Q101333	Q2383811
Q126793	Q112165658
Q19595701	Q11033
Q11033	Q11033
Q11030	Q11033
Q5358497	Q3966
Q5358497	Q581105
Q880371	Q581105
Q73768396	Q581105
Q269415	Q581105
Q11650	Q581105
Q11661	Q581105
Q56598901	Q581105
Q638608	Q581105
Q131734	Q11644505
Q178512	Q7590
Q178512	Q155930
Q107594896	Q7590
Q107594896	Q155930
Q107594896	Q178512
Q178512	Q2234623
Q107594896	Q2234623
Q778575	Q126793
Q540912	Q4899370
Q746359	Q10302058
Q746359	Q29584756
Q746359	Q56611639
Q581105	Q10302058
Q581105	Q29584756
Q581105	Q56611639
Q10302058	Q29584756
Q10302058	Q56611639
Q56611639	Q10302058
Q56611639	Q29584756
Q746359	Q941594
Q581105	Q941594
Q10302058	Q941594
Q56611639	Q941594
Q746359	Q638
Q581105	Q638
Q10302058	Q638
Q56611639	Q638
Q746359	Q29584607
Q581105	Q29584607
Q10302058	Q29584607
Q56611639	Q29584607
Q29584705	Q126793
Q57264543	Q607081
Q57264543	Q4438117
Q57264543	Q112165489
Q57264543	Q112165465
Q11828862	Q4438117
Q4899370	Q4899370
Q4899370	Q131734
Q4899370	Q869095
Q5358497	Q2986369
Q5358497	Q5358497
Q1067601	Q5358497
Q5358497	Q1067601
Q1067601	Q1067601
Q5358497	Q2401742
Q1067601	Q2401742
Q56611639	Q11033
Q29584720	Q3565868
Q2234623	Q3565868
Q3565868	Q2127330
Q29584720	Q2127330
Q2234623	Q2127330
Q2285982	Q392933
Q474200	Q392933
Q2285982	Q893164
Q2285982	Q1957908
Q2285982	Q29584638
Q2285982	Q107597958
Q392933	Q474200
Q392933	Q893164
Q392933	Q1957908
Q4063722	Q4063722
Q29585245	Q4063722
Q11650	Q3966
Q11650	Q11650
Q2401742	Q3966
Q2401742	Q11650
Q418	Q3966
Q418	Q11650
Q2401742	Q581105
Q418	Q581105
Q15078788	Q1083894
Q15078788	Q4453957
Q15078788	Q15078788
Q15078788	Q56027094
Q837171	Q112165989
Q43183	Q112165989
Q806718	Q112165989
Q57774188	Q112165989
Q43183	Q806718
Q837171	Q43015
Q43183	Q43015
Q806718	Q43015
Q57774188	Q43015
Q29584437	Q126793
Q126793	Q180846
Q29584437	Q180846
Q126793	Q1295201
Q29584437	Q1295201
Q29585034	Q29585035
Q29585034	Q107601756
Q107601756	Q29585035
Q56611639	Q11425
Q289	Q11425
Q3972943	Q11425
Q56611700	Q11425
Q2401742	Q11425
Q418	Q11425
Q56611639	Q1415395
Q289	Q1415395
Q3972943	Q1415395
Q56611700	Q1415395
Q2401742	Q1415395
Q418	Q1415395
Q56611639	Q289
Q289	Q289
Q3972943	Q289
Q56611700	Q289
Q2401742	Q289
Q418	Q289
Q289	Q941594
Q3972943	Q941594
Q56611700	Q941594
Q2401742	Q941594
Q418	Q941594
Q56611639	Q932586
Q289	Q932586
Q3972943	Q932586
Q56611700	Q932586
Q2401742	Q932586
Q418	Q932586
Q56611639	Q11030
Q289	Q11030
Q3972943	Q11030
Q56611700	Q11030
Q2401742	Q11030
Q418	Q11030
Q289	Q11033
Q3972943	Q11033
Q56611700	Q11033
Q418	Q11033
Q56611639	Q1407228
Q289	Q1407228
Q3972943	Q1407228
Q56611700	Q1407228
Q2401742	Q1407228
Q418	Q1407228
Q56611639	Q723685
Q289	Q723685
Q3972943	Q723685
Q56611700	Q723685
Q2401742	Q723685
Q418	Q723685
Q56611639	Q173799
Q289	Q173799
Q3972943	Q173799
Q56611700	Q173799
Q2401742	Q173799
Q418	Q173799
Q56611639	Q892972
Q289	Q892972
Q3972943	Q892972
Q56611700	Q892972
Q2401742	Q892972
Q418	Q892972
Q11033	Q173799
Q11033	Q932586
Q11033	Q941594
Q56611639	Q721830
Q289	Q721830
Q3972943	Q721830
Q56611700	Q721830
Q2401742	Q721830
Q418	Q721830
Q721830	Q721830
Q1415395	Q721830
Q10689397	Q721830
Q11033	Q11030
Q56611639	Q746359
Q289	Q746359
Q3972943	Q746359
Q56611700	Q746359
Q2401742	Q746359
Q418	Q746359
Q188460	Q746359
Q219409	Q746359
Q3966429	Q746359
Q56611639	Q880371
Q56611639	Q21157865
Q289	Q880371
Q289	Q21157865
Q289	Q56611639
Q289	Q56611700
Q3972943	Q880371
Q3972943	Q21157865
Q3972943	Q56611639
Q3972943	Q56611700
Q56611700	Q21157865
Q2401742	Q21157865
Q418	Q880371
Q418	Q21157865
Q418	Q56611639
Q418	Q56611700
Q75	Q11033
Q75	Q880371
Q75	Q21157865
Q75	Q56611639
Q75	Q56611700
Q21157865	Q11033
Q21157865	Q21157865
Q21157865	Q56611639
Q21157865	Q56611700
Q627371	Q126793
Q627371	Q540912
Q627371	Q29585018
Q627371	Q107601756
Q627371	Q627371
Q1807108	Q177777
Q862571	Q2151621
Q12089268	Q2151621
Q214261	Q862571
Q862571	Q9323634
Q29585707	Q44497
Q13629441	Q190117
Q126793	Q29585564
Q220695	Q331814
Q126793	Q331814
Q220695	Q219577
Q126793	Q219577
Q126793	Q220695
Q219577	Q220695
Q220695	Q112165691
Q126793	Q112165691
Q385378	Q862571
Q21328659	Q21328659
Q1349660	Q21328659
Q2225985	Q21328659
Q418	Q21328659
Q1266169	Q21328659
Q11371	Q21328659
Q1666934	Q21328659
Q862571	Q21328659
Q44497	Q21328659
Q29584984	Q21328659
Q1945600	Q21328659
Q1304795	Q21328659
Q107594896	Q21328659
Q2151621	Q21328659
Q21328659	Q126793
Q21328659	Q1349660
Q21328659	Q16481832
Q1349660	Q126793
Q1349660	Q1349660
Q1349660	Q16481832
Q2225985	Q126793
Q2225985	Q1349660
Q2225985	Q16481832
Q418	Q126793
Q418	Q1349660
Q418	Q16481832
Q1266169	Q126793
Q1266169	Q1349660
Q1266169	Q16481832
Q11371	Q126793
Q11371	Q1349660
Q11371	Q16481832
Q1666934	Q126793
Q1666934	Q1349660
Q1666934	Q16481832
Q21328659	Q2151621
Q1349660	Q2151621
Q2225985	Q2151621
Q418	Q2151621
Q1266169	Q2151621
Q11371	Q2151621
Q1666934	Q2151621
Q21328659	Q207652
Q1349660	Q207652
Q2225985	Q207652
Q418	Q207652
Q1266169	Q207652
Q11371	Q207652
Q1666934	Q207652
Q21328659	Q182722
Q1349660	Q182722
Q2225985	Q182722
Q418	Q182722
Q1266169	Q182722
Q11371	Q182722
Q1666934	Q182722
Q21328659	Q837171
Q1349660	Q837171
Q2225985	Q837171
Q418	Q837171
Q1266169	Q837171
Q11371	Q837171
Q1666934	Q837171
Q21328659	Q13405640
Q1349660	Q13405640
Q2225985	Q13405640
Q418	Q13405640
Q1266169	Q13405640
Q11371	Q13405640
Q1666934	Q13405640
Q21328659	Q1341477
Q1349660	Q1341477
Q2225985	Q1341477
Q418	Q1341477
Q1266169	Q1341477
Q11371	Q1341477
Q1666934	Q1341477
Q21328659	Q844861
Q21328659	Q921773
Q21328659	Q2356921
Q21328659	Q29584674
Q21328659	Q29585403
Q21328659	Q29585408
Q21328659	Q29585410
Q21328659	Q29585412
Q21328659	Q29585453
Q21328659	Q29585455
Q21328659	Q29585466
Q21328659	Q29585547
Q21328659	Q29585609
Q21328659	Q29585617
Q21328659	Q29585623
Q21328659	Q29585624
Q21328659	Q29585979
Q21328659	Q73303844
Q21328659	Q112122725
Q21328659	Q112122737
Q21328659	Q112122742
Q21328659	Q112122746
Q21328659	Q112122762
Q21328659	Q112122810
Q21328659	Q112128860
Q1349660	Q844861
Q1349660	Q921773
Q1349660	Q2356921
Q1349660	Q29584674
Q1349660	Q29585403
Q1349660	Q29585408
Q1349660	Q29585410
Q1349660	Q29585412
Q1349660	Q29585453
Q1349660	Q29585455
Q1349660	Q29585466
Q1349660	Q29585547
Q1349660	Q29585609
Q1349660	Q29585617
Q1349660	Q29585623
Q1349660	Q29585624
Q1349660	Q29585979
Q1349660	Q73303844
Q1349660	Q112122725
Q1349660	Q112122737
Q1349660	Q112122742
Q1349660	Q112122746
Q1349660	Q112122762
Q1349660	Q112122810
Q1349660	Q112128860
Q2225985	Q844861
Q2225985	Q921773
Q2225985	Q2356921
Q2225985	Q29584674
Q2225985	Q29585403
Q2225985	Q29585408
Q2225985	Q29585410
Q2225985	Q29585412
Q2225985	Q29585453
Q2225985	Q29585455
Q2225985	Q29585466
Q2225985	Q29585547
Q2225985	Q29585609
Q2225985	Q29585617
Q2225985	Q29585623
Q2225985	Q29585624
Q2225985	Q29585979
Q2225985	Q73303844
Q2225985	Q112122725
Q2225985	Q112122737
Q2225985	Q112122742
Q2225985	Q112122746
Q2225985	Q112122762
Q2225985	Q112122810
Q2225985	Q112128860
Q418	Q844861
Q418	Q921773
Q418	Q2356921
Q418	Q29584674
Q418	Q29585403
Q418	Q29585408
Q418	Q29585410
Q418	Q29585412
Q418	Q29585453
Q418	Q29585455
Q418	Q29585466
Q418	Q29585547
Q418	Q29585609
Q418	Q29585617
Q418	Q29585623
Q418	Q29585624
Q418	Q29585979
Q418	Q73303844
Q418	Q112122725
Q418	Q112122737
Q418	Q112122742
Q418	Q112122746
Q418	Q112122762
Q418	Q112122810
Q418	Q112128860
Q1266169	Q844861
Q1266169	Q921773
Q1266169	Q2356921
Q1266169	Q29584674
Q1266169	Q29585403
Q1266169	Q29585408
Q1266169	Q29585410
Q1266169	Q29585412
Q1266169	Q29585453
Q1266169	Q29585455
Q1266169	Q29585466
Q1266169	Q29585547
Q1266169	Q29585609
Q1266169	Q29585617
Q1266169	Q29585623
Q1266169	Q29585624
Q1266169	Q29585979
Q1266169	Q73303844
Q1266169	Q112122725
Q1266169	Q112122737
Q1266169	Q112122742
Q1266169	Q112122746
Q1266169	Q112122762
Q1266169	Q112122810
Q1266169	Q112128860
Q11371	Q844861
Q11371	Q921773
Q11371	Q2356921
Q11371	Q29584674
Q11371	Q29585403
Q11371	Q29585408
Q11371	Q29585410
Q11371	Q29585412
Q11371	Q29585453
Q11371	Q29585455
Q11371	Q29585466
Q11371	Q29585547
Q11371	Q29585609
Q11371	Q29585617
Q11371	Q29585623
Q11371	Q29585624
Q11371	Q29585979
Q11371	Q73303844
Q11371	Q112122725
Q11371	Q112122737
Q11371	Q112122742
Q11371	Q112122746
Q11371	Q112122762
Q11371	Q112122810
Q11371	Q112128860
Q1666934	Q844861
Q1666934	Q921773
Q1666934	Q2356921
Q1666934	Q29584674
Q1666934	Q29585403
Q1666934	Q29585408
Q1666934	Q29585410
Q1666934	Q29585412
Q1666934	Q29585453
Q1666934	Q29585455
Q1666934	Q29585466
Q1666934	Q29585547
Q1666934	Q29585609
Q1666934	Q29585617
Q1666934	Q29585623
Q1666934	Q29585624
Q1666934	Q29585979
Q1666934	Q73303844
Q1666934	Q112122725
Q1666934	Q112122737
Q1666934	Q112122742
Q1666934	Q112122746
Q1666934	Q112122762
Q1666934	Q112122810
Q1666934	Q112128860
Q21328659	Q770899
Q1349660	Q770899
Q2225985	Q770899
Q418	Q770899
Q1266169	Q770899
Q11371	Q770899
Q1666934	Q770899
Q207652	Q770899
Q1341287	Q21328659
Q182722	Q21328659
Q11416	Q21328659
Q11661	Q21328659
Q4290	Q21328659
Q21328659	Q806718
Q1349660	Q806718
Q2225985	Q806718
Q418	Q806718
Q1266169	Q806718
Q11371	Q806718
Q1666934	Q806718
Q862571	Q806718
Q862571	Q837171
Q126793	Q29585599
Q11033	Q289
Q11033	Q2401742
Q11033	Q56598901
Q2401742	Q1415356
Q11033	Q1415356
Q2401742	Q231458
Q57774188	Q31207
Q837171	Q31207
Q806718	Q31207
Q2055808	Q2055808
Q1757562	Q2055808
Q219577	Q2055808
Q1341477	Q112046
Q2151621	Q112046
Q1326594	Q112046
Q1341477	Q862571
Q2151621	Q862571
Q1326594	Q862571
Q1341477	Q1349660
Q2151621	Q1349660
Q1326594	Q1349660
Q1341477	Q2151621
Q1326594	Q2151621
Q1341477	Q178512
Q2151621	Q178512
Q1326594	Q178512
Q1341477	Q2316331
Q2151621	Q1341477
Q2151621	Q2316331
Q1326594	Q2316331
Q1304795	Q1341477
Q1304795	Q2316331
Q107594896	Q1341477
Q107594896	Q2316331
Q1341477	Q44497
Q1326594	Q44497
Q1341477	Q1803786
Q2151621	Q1326594
Q2151621	Q1803786
Q1341477	Q1326885
Q1341477	Q29584769
Q2151621	Q1326885
Q2151621	Q29584769
Q1326594	Q1326885
Q1326594	Q29584769
Q1341477	Q29584410
Q2151621	Q29584410
Q1326594	Q29584410
Q1341477	Q3565868
Q2151621	Q3565868
Q1326594	Q3565868
Q11371	Q2401742
Q11371	Q56598901
Q738621	Q2401742
Q738621	Q56598901
Q177777	Q765633
Q49845	Q765633
Q107605278	Q765633
Q177777	Q177777
Q49845	Q177777
Q107605278	Q177777
Q177777	Q319224
Q49845	Q319224
Q49845	Q651658
Q107605278	Q319224
Q107605278	Q651658
Q177777	Q840850
Q49845	Q840850
Q107605278	Q840850
Q177777	Q1447463
Q49845	Q1447463
Q107605278	Q1447463
Q1341477	Q1341478
Q107594896	Q1341478
Q1341477	Q1304795
Q107594896	Q1304795
Q2401742	Q1546066
Q581105	Q1546066
Q2401742	Q415898
Q2401742	Q1301371
Q2401742	Q5358497
Q2401742	Q854954
Q2401742	Q3510521
Q207652	Q1439700
Q207652	Q107598010
Q207652	Q11661
Q207652	Q7202108
Q207652	Q56604459
Q207652	Q1945600
Q207652	Q29584410
Q207652	Q29584274
Q56604459	Q207652
Q56604459	Q29584274
Q11661	Q207652
Q11661	Q29584274
Q7202108	Q207652
Q7202108	Q29584274
Q207652	Q29584334
Q1944497	Q29584334
Q1349660	Q29584334
Q207652	Q29584338
Q207652	Q107601662
Q207652	Q220695
Q207652	Q29584486
Q207652	Q29584489
Q207652	Q29585554
Q207652	Q1924906
Q207652	Q29585247
Q1944497	Q862571
Q207652	Q29584583
Q207652	Q29584895
Q207652	Q1349660
Q207652	Q1944497
Q207652	Q11474
Q207652	Q902296
Q5358497	Q941594
Q1326885	Q581105
Q1326885	Q941594
Q581105	Q581105
Q5358497	Q590870
Q1326885	Q590870
Q581105	Q590870
Q5358497	Q42240
Q5358497	Q29584282
Q5358497	Q29584284
Q1326885	Q42240
Q1326885	Q29584282
Q1326885	Q29584284
Q581105	Q42240
Q581105	Q29584282
Q581105	Q29584284
Q1326885	Q5358497
Q581105	Q5358497
Q5358497	Q11650
Q1326885	Q11650
Q581105	Q11650
Q5358497	Q10302058
Q1326885	Q10302058
Q581105	Q1326885
Q837171	Q159810
Q837171	Q475000
Q837171	Q29585706
Q936518	Q1326594
Q190117	Q1326594
Q1326885	Q1326594
Q56604188	Q1326594
Q1803786	Q1326594
Q29585152	Q1326594
Q29585408	Q1326594
Q29584410	Q1326594
Q44497	Q1326594
Q936518	Q1803786
Q936518	Q29585621
Q190117	Q1803786
Q190117	Q29585621
Q1326885	Q1803786
Q1326885	Q29585621
Q56604188	Q1803786
Q56604188	Q29585621
Q936518	Q1326885
Q936518	Q29585300
Q190117	Q1326885
Q190117	Q29585300
Q1326885	Q29585300
Q56604188	Q1326885
Q56604188	Q29585300
Q936518	Q29585288
Q190117	Q29585288
Q1326885	Q29585288
Q56604188	Q29585288
Q936518	Q1415886
Q936518	Q29584334
Q936518	Q29584769
Q190117	Q1415886
Q190117	Q29584334
Q190117	Q29584769
Q1326885	Q1415886
Q1326885	Q29584334
Q56604188	Q1415886
Q56604188	Q29584334
Q56604188	Q29584769
Q936518	Q1924906
Q936518	Q29584578
Q190117	Q1924906
Q190117	Q29584578
Q1326885	Q1924906
Q1326885	Q29584578
Q56604188	Q1924906
Q56604188	Q29584578
Q936518	Q29585278
Q190117	Q29585278
Q1326885	Q29585278
Q56604188	Q29585278
Q936518	Q1341477
Q190117	Q1341477
Q56604188	Q1341477
Q936518	Q29584604
Q936518	Q107598010
Q190117	Q29584604
Q190117	Q107598010
Q1326885	Q29584604
Q56604188	Q29584604
Q56604188	Q107598010
Q936518	Q29584608
Q190117	Q29584608
Q1326885	Q29584608
Q56604188	Q29584608
Q936518	Q190117
Q936518	Q29584629
Q936518	Q107597958
Q190117	Q29584629
Q1326885	Q29584629
Q1326885	Q107597958
Q56604188	Q190117
Q56604188	Q29584629
Q56604188	Q107597958
Q936518	Q2316331
Q190117	Q2316331
Q1326885	Q2316331
Q56604188	Q2316331
Q11650	Q2316331
Q4201895	Q2401742
Q4201895	Q3972943
Q4201895	Q126793
Q4201895	Q4899370
Q4828699	Q190117
Q112122778	Q190117
Q4899370	Q107601756
Q540912	Q11644505
Q540912	Q107601756
Q4899370	Q26705422
Q540912	Q26705422
Q4899370	Q112165679
Q540912	Q112165679
Q540912	Q869095
Q540912	Q131734
Q11650	Q112166194
Q190117	Q124192
Q219577	Q190117
Q190117	Q219577
Q190117	Q57774188
Q190117	Q57774694
Q190117	Q786803
Q3246832	Q107601756
Q1979901	Q107601756
Q29584436	Q107601756
Q29584433	Q107601756
Q29584487	Q107601756
Q29584437	Q107601756
Q13554450	Q107601756
Q3246832	Q540912
Q1187656	Q540912
Q1979901	Q540912
Q29584436	Q540912
Q29584433	Q540912
Q29584487	Q540912
Q29584437	Q540912
Q13554450	Q540912
Q3246832	Q627371
Q540912	Q627371
Q1187656	Q627371
Q1979901	Q627371
Q29584436	Q627371
Q29584433	Q627371
Q29584487	Q627371
Q29584437	Q627371
Q13554450	Q627371
Q3246832	Q1445627
Q540912	Q1445627
Q1187656	Q1445627
Q1979901	Q1445627
Q29584436	Q1445627
Q29584433	Q1445627
Q29584487	Q1445627
Q29584437	Q1445627
Q13554450	Q1445627
Q3246832	Q309035
Q540912	Q309035
Q1187656	Q309035
Q1979901	Q309035
Q29584436	Q309035
Q29584433	Q309035
Q29584487	Q309035
Q29584437	Q309035
Q13554450	Q309035
Q3246832	Q96106048
Q540912	Q96106048
Q1187656	Q96106048
Q1979901	Q96106048
Q29584436	Q96106048
Q29584433	Q96106048
Q29584487	Q96106048
Q29584437	Q96106048
Q13554450	Q96106048
Q3246832	Q4899370
Q3246832	Q29584996
Q3246832	Q29585025
Q540912	Q29584996
Q540912	Q29585025
Q1187656	Q4899370
Q1187656	Q29584996
Q1187656	Q29585025
Q1979901	Q4899370
Q1979901	Q29584996
Q1979901	Q29585025
Q29584436	Q4899370
Q29584436	Q29584996
Q29584436	Q29585025
Q29584433	Q4899370
Q29584433	Q29584996
Q29584433	Q29585025
Q29584487	Q4899370
Q29584487	Q29584996
Q29584487	Q29585025
Q29584437	Q4899370
Q29584437	Q29584996
Q29584437	Q29585025
Q13554450	Q4899370
Q13554450	Q29584996
Q13554450	Q29585025
Q3246832	Q1666934
Q3246832	Q19966097
Q3246832	Q65137454
Q540912	Q1666934
Q540912	Q19966097
Q540912	Q65137454
Q1187656	Q1666934
Q1187656	Q19966097
Q1187656	Q65137454
Q1979901	Q1666934
Q1979901	Q19966097
Q1979901	Q65137454
Q29584436	Q1666934
Q29584436	Q19966097
Q29584436	Q65137454
Q29584433	Q1666934
Q29584433	Q19966097
Q29584433	Q65137454
Q29584487	Q1666934
Q29584487	Q19966097
Q29584487	Q65137454
Q29584437	Q1666934
Q29584437	Q19966097
Q29584437	Q65137454
Q13554450	Q1666934
Q13554450	Q19966097
Q13554450	Q65137454
Q3246832	Q56573357
Q540912	Q56573357
Q1187656	Q56573357
Q1979901	Q56573357
Q29584436	Q56573357
Q29584433	Q56573357
Q29584487	Q56573357
Q29584437	Q56573357
Q13554450	Q56573357
Q3246832	Q187939
Q540912	Q187939
Q1187656	Q187939
Q1979901	Q187939
Q29584436	Q187939
Q29584433	Q187939
Q29584487	Q187939
Q29584437	Q187939
Q13554450	Q187939
Q3246832	Q1187656
Q540912	Q1187656
Q1187656	Q1187656
Q1979901	Q1187656
Q29584436	Q1187656
Q29584433	Q1187656
Q29584487	Q1187656
Q29584437	Q1187656
Q13554450	Q1187656
Q3246832	Q8148
Q540912	Q8148
Q1187656	Q8148
Q1979901	Q8148
Q29584436	Q8148
Q29584433	Q8148
Q29584487	Q8148
Q29584437	Q8148
Q13554450	Q8148
Q3246832	Q56604576
Q540912	Q56604576
Q1187656	Q56604576
Q1979901	Q56604576
Q29584436	Q56604576
Q29584433	Q56604576
Q29584487	Q56604576
Q29584437	Q56604576
Q13554450	Q56604576
Q3246832	Q207652
Q540912	Q207652
Q1979901	Q207652
Q29584436	Q207652
Q29584433	Q207652
Q29584487	Q207652
Q29584437	Q207652
Q13554450	Q207652
Q3246832	Q12752882
Q540912	Q12752882
Q1187656	Q12752882
Q1979901	Q12752882
Q29584436	Q12752882
Q29584433	Q12752882
Q29584487	Q12752882
Q29584437	Q12752882
Q13554450	Q12752882
Q3246832	Q29585005
Q540912	Q29585005
Q1187656	Q29585005
Q1979901	Q29585005
Q29584436	Q29585005
Q29584433	Q29585005
Q29584487	Q29585005
Q29584437	Q29585005
Q13554450	Q29585005
Q3246832	Q29584487
Q540912	Q29584487
Q1187656	Q29584487
Q1979901	Q29584487
Q29584436	Q29584487
Q29584433	Q29584487
Q29584487	Q29584487
Q29584437	Q29584487
Q13554450	Q29584487
Q107601756	Q207652
Q107601756	Q29584487
Q8148	Q207652
Q8148	Q29584487
Q1959446	Q177777
Q29584755	Q29585669
Q29584755	Q56611639
Q56611639	Q29585669
Q2334804	Q126793
Q177777	Q126793
Q2334804	Q837171
Q177777	Q837171
Q107605278	Q22687
Q107605278	Q10611118
Q107605278	Q178512
Q107605278	Q49845
Q837171	Q941185
Q806718	Q941185
Q57774188	Q941185
Q29584334	Q941185
Q5268834	Q5358497
Q2401742	Q112165711
Q5358497	Q112165711
Q5268834	Q112165711
Q1076968	Q11033
Q4290	Q2729047
Q4290	Q3798668
Q3569648	Q2729047
Q3569648	Q3798668
Q806718	Q2729047
Q806718	Q3798668
Q16023725	Q2729047
Q16023725	Q3798668
Q15067276	Q2729047
Q15067276	Q3798668
Q746359	Q2729047
Q746359	Q3798668
Q540912	Q2729047
Q540912	Q3798668
Q2401742	Q2729047
Q2401742	Q3798668
Q9323634	Q2729047
Q9323634	Q3798668
Q3575260	Q581105
Q932586	Q1415395
Q932586	Q590870
Q932586	Q2561317
Q932586	Q746359
Q932586	Q19595701
Q932586	Q56611639
Q932586	Q625568
Q15078788	Q625568
Q11033	Q625568
Q932586	Q16023726
Q932586	Q932586
Q2401742	Q484847
Q11661	Q484847
Q418	Q484847
Q1666934	Q484847
Q11661	Q126793
Q2401742	Q3220391
Q11661	Q3220391
Q418	Q3220391
Q1666934	Q3220391
Q2401742	Q23700481
Q11661	Q23700481
Q418	Q23700481
Q1666934	Q23700481
Q2401742	Q170978
Q11661	Q170978
Q418	Q170978
Q1666934	Q170978
Q2401742	Q2024419
Q11661	Q2024419
Q418	Q2024419
Q1666934	Q2024419
Q2401742	Q1068473
Q11661	Q1068473
Q418	Q1068473
Q1666934	Q1068473
Q11661	Q2401742
Q11661	Q56598901
Q1666934	Q2401742
Q1666934	Q56598901
Q11661	Q941594
Q1666934	Q941594
Q56598901	Q941594
Q11661	Q418
Q11661	Q638608
Q418	Q638608
Q1666934	Q638608
Q941594	Q638608
Q190117	Q170978
Q56611700	Q170978
Q880371	Q170978
Q189507	Q170978
Q75	Q170978
Q4182287	Q170978
Q29585167	Q207652
Q29585170	Q207652
Q29584494	Q207652
Q12752882	Q207652
Q29585167	Q3246832
Q207652	Q3246832
Q29585170	Q3246832
Q29584494	Q3246832
Q12752882	Q3246832
Q21157865	Q941594
Q126793	Q55638
Q29585354	Q474200
Q107597958	Q474200
Q2729047	Q8434
Q126793	Q941594
Q126793	Q112166038
Q778575	Q11033
Q778575	Q58302943
Q778575	Q932586
Q29584459	Q29584459
Q29584265	Q29584459
Q187939	Q212920
Q101333	Q212920
Q1916382	Q11033
Q1916382	Q3972943
Q1916382	Q15078788
Q1056396	Q11023
Q1056396	Q21198
Q1056396	Q864928
Q1056396	Q1345638
Q63348704	Q11023
Q63348704	Q21198
Q63348704	Q864928
Q63348704	Q1345638
Q837171	Q41958
Q837171	Q485396
Q837171	Q638608
Q837171	Q880371
Q837171	Q3353185
Q837171	Q6504956
Q837171	Q21157865
Q837171	Q126793
Q837171	Q873442
Q3565868	Q2234623
Q2072431	Q2234623
Q3966	Q1415395
Q581105	Q1415395
Q11650	Q41767
Q350532	Q41767
Q601401	Q601401
Q601401	Q7584266
Q601401	Q10701282
Q418	Q11371
Q2401742	Q1472399
Q418	Q1472399
Q2401742	Q75
Q418	Q75
Q4899370	Q104367888
Q220695	Q178803
Q220695	Q112166038
Q418	Q189507
Q873442	Q806718
Q873442	Q837171
Q873442	Q29584334
Q873442	Q57774188
Q873442	Q383973
Q873442	Q2063640
Q873442	Q126793
Q873442	Q483639
Q873442	Q5892272
Q873442	Q173799
Q873442	Q2283886
Q873442	Q177777
Q2401742	Q17517
Q56598901	Q17517
Q184452	Q17517
Q184452	Q2401742
Q131734	Q4899370
Q11469	Q190117
Q1415356	Q1415395
Q507443	Q13107184
Q207652	Q13107184
Q540912	Q126793
Q540912	Q15825471
Q2285982	Q3565868
Q3798668	Q2729047
Q3477363	Q2729047
Q101333	Q2729047
Q862571	Q107597925
Q1349660	Q107597925
Q4077384	Q837171
Q57774188	Q873442
Q29584334	Q873442
Q4077384	Q873442
Q57774188	Q22687
Q29584334	Q22687
Q4077384	Q22687
Q22687	Q837171
Q29584334	Q806718
Q4077384	Q806718
Q107598157	Q190117
Q187939	Q187939
Q187939	Q29585181
Q107598157	Q187939
Q107598157	Q29585181
Q187939	Q29584638
Q107598157	Q29584638
Q476115	Q880371
Q476115	Q56611700
Q219409	Q880371
Q219409	Q56611700
Q476115	Q112165788
Q219409	Q112165788
Q476115	Q2401742
Q219409	Q2401742
Q476115	Q837171
Q219409	Q837171
Q476115	Q484847
Q219409	Q484847
Q476115	Q170173
Q219409	Q170173
Q476115	Q268626
Q219409	Q268626
Q11033	Q269415
Q1076968	Q269415
Q1076968	Q941594
Q190117	Q837171
Q29585181	Q837171
Q29585181	Q57774188
Q107598157	Q837171
Q107598157	Q57774188
Q190117	Q11033
Q29585181	Q11033
Q107598157	Q11033
Q190117	Q5268834
Q29585181	Q5268834
Q107598157	Q5268834
Q190117	Q4290
Q29585181	Q4290
Q107598157	Q4290
Q190117	Q5915560
Q29585181	Q5915560
Q107598157	Q5915560
Q190117	Q107598157
Q29585181	Q107598157
Q107598157	Q107598157
Q507443	Q1326885
Q507443	Q56573357
Q507443	Q56604188
Q1187656	Q1326885
Q1187656	Q56604188
Q507443	Q180204
Q1187656	Q180204
Q507443	Q3246832
Q1187656	Q3246832
Q507443	Q1187656
Q837171	Q22687
Q56611639	Q19595701
Q56611639	Q184452
Q56611639	Q209588
Q11033	Q184452
Q11033	Q209588
Q11033	Q56611639
Q15078788	Q184452
Q15078788	Q209588
Q15078788	Q56611639
Q56611639	Q590870
Q11033	Q590870
Q11033	Q1415395
Q15078788	Q590870
Q15078788	Q1415395
Q4290	Q392933
Q837171	Q392933
Q29584334	Q392933
Q936518	Q392933
Q187939	Q207652
Q187939	Q57261084
Q862571	Q207652
Q862571	Q57261084
Q1349660	Q57261084
Q214261	Q207652
Q214261	Q57261084
Q12089268	Q207652
Q12089268	Q57261084
Q2518196	Q43183
Q56598901	Q56611700
Q1136351	Q2270014
Q44497	Q57443580
Q29584980	Q601401
Q29584980	Q57443580
Q44497	Q29584418
Q29584980	Q29584418
Q15078788	Q11396960
Q11033	Q11396960
Q56611639	Q11396960
Q15078788	Q173799
Q11016	Q173799
Q15078788	Q162402
Q11033	Q162402
Q56611639	Q162402
Q11033	Q15078788
Q507443	Q12303494
Q29585145	Q1349660
Q4899370	Q29585044
Q220695	Q4899370
Q806718	Q22687
Q806718	Q650241
Q29584334	Q650241
Q57774188	Q650241
Q11650	Q941594
Q11661	Q11650
Q941594	Q11650
Q155930	Q155930
Q7590	Q837171
Q10302044	Q8486
Q10302044	Q211841
Q10302044	Q4236462
Q126793	Q7180823
Q126793	Q43183
Q126793	Q1416012
Q638608	Q1266169
Q56611700	Q1266169
Q880371	Q1266169
Q39809	Q1266169
Q5358497	Q746359
Q11650	Q746359
Q2234623	Q2234623
Q540912	Q13554450
Q396622	Q13554450
Q396622	Q56604576
Q941594	Q29584755
Q941594	Q56611639
Q941594	Q112165940
Q10302058	Q1415395
Q10302058	Q29584755
Q10302058	Q112165940
Q941594	Q746359
Q941594	Q10302058
Q22687	Q806718
Q22687	Q57774188
Q1666934	Q57774188
Q29584334	Q57774188
Q837171	Q319845
Q22687	Q319845
Q1666934	Q319845
Q29584334	Q319845
Q873442	Q4899370
Q4290	Q4899370
Q873442	Q540912
Q873442	Q112166038
Q873442	Q44497
Q873442	Q29585707
Q873442	Q778575
Q873442	Q446760
Q873442	Q2516512
Q837171	Q2516512
Q778575	Q2516512
Q101333	Q2516512
Q1803786	Q2516512
Q1875606	Q2516512
Q190117	Q2516512
Q192899	Q2516512
Q873442	Q1924906
Q873442	Q1945600
Q4063722	Q1924906
Q4063722	Q1945600
Q1924906	Q190117
Q941594	Q160738
Q941594	Q3972943
Q177777	Q3565868
Q7590	Q177777
Q7590	Q3565868
Q11650	Q11024
Q11650	Q29584328
Q11650	Q56611639
Q56611639	Q11024
Q56611639	Q29584328
Q5358497	Q11024
Q5358497	Q29584328
Q5358497	Q56611639
Q29584599	Q11024
Q29584599	Q29584328
Q29584599	Q56611639
Q29584328	Q11024
Q29584328	Q29584328
Q29584328	Q56611639
Q778575	Q11024
Q778575	Q29584328
Q778575	Q56611639
Q101333	Q11024
Q101333	Q29584328
Q101333	Q56611639
Q1803786	Q11024
Q1803786	Q29584328
Q1803786	Q56611639
Q1875606	Q11024
Q1875606	Q29584328
Q1875606	Q56611639
Q190117	Q11024
Q190117	Q29584328
Q190117	Q56611639
Q192899	Q11024
Q192899	Q29584328
Q192899	Q56611639
Q289	Q11024
Q289	Q29584328
Q11650	Q10302058
Q19595701	Q10302058
Q625568	Q10302058
Q56611639	Q418
Q11650	Q29584756
Q5358497	Q29584756
Q29584599	Q746359
Q29584599	Q10302058
Q29584599	Q29584756
Q29584328	Q746359
Q29584328	Q10302058
Q29584328	Q29584756
Q187939	Q2304418
Q2285982	Q1924906
Q2285982	Q29584518
Q1924906	Q29584518
Q540912	Q418
Q540912	Q2401742
Q540912	Q56598901
Q770899	Q418
Q770899	Q2401742
Q770899	Q56598901
Q770899	Q540912
Q11033	Q848991
Q11033	Q418
Q11033	Q721830
Q11033	Q300920
Q11033	Q112165957
Q11033	Q59152282
Q1193236	Q11030
Q785222	Q29584253
Q837171	Q15078788
Q108428104	Q190117
Q1285245	Q27686
Q1285245	Q1285245
Q778575	Q1285245
Q289	Q1285245
Q100252087	Q1285245
Q1285245	Q1495452
Q1495452	Q1495452
Q9323634	Q1495452
Q44497	Q1660132
Q1341477	Q1660132
Q778575	Q3043893
Q778575	Q29584334
Q43183	Q3043893
Q43183	Q29584334
Q1875606	Q837171
Q1875606	Q3043893
Q1875606	Q29584334
Q837171	Q3043893
Q43183	Q2401742
Q1875606	Q2401742
Q778575	Q540912
Q778575	Q1187656
Q778575	Q4899370
Q43183	Q540912
Q43183	Q1187656
Q43183	Q4899370
Q1875606	Q540912
Q1875606	Q1187656
Q1875606	Q4899370
Q837171	Q540912
Q837171	Q1187656
Q837171	Q4899370
Q778575	Q11661
Q778575	Q1067601
Q43183	Q11661
Q43183	Q880371
Q43183	Q1067601
Q43183	Q1481411
Q43183	Q1540863
Q1875606	Q11661
Q1875606	Q880371
Q1875606	Q1067601
Q1875606	Q1481411
Q1875606	Q1540863
Q837171	Q11661
Q837171	Q1067601
Q837171	Q1481411
Q837171	Q1540863
Q778575	Q862571
Q43183	Q862571
Q1875606	Q862571
Q778575	Q806718
Q778575	Q57774188
Q1875606	Q806718
Q1875606	Q57774188
Q778575	Q627371
Q43183	Q627371
Q1875606	Q627371
Q778575	Q2518196
Q43183	Q2518196
Q1875606	Q2518196
Q778575	Q43183
Q1875606	Q43183
Q778575	Q476118
Q1875606	Q476118
Q43183	Q187939
Q1875606	Q187939
Q43183	Q126793
Q1875606	Q126793
Q778575	Q3565868
Q43183	Q3565868
Q1875606	Q3565868
Q778575	Q1875606
Q43183	Q1875606
Q1875606	Q1875606
Q778575	Q1751445
Q43183	Q1751445
Q1875606	Q1751445
Q41958	Q1751445
Q778575	Q768186
Q43183	Q768186
Q1875606	Q768186
Q11016	Q212920
Q11016	Q581105
Q11650	Q212920
Q11456	Q212920
Q11016	Q992968
Q11016	Q5082128
Q11650	Q992968
Q11650	Q5082128
Q11456	Q992968
Q11456	Q5082128
Q43035	Q1924906
Q190117	Q108428104
Q190117	Q34493
Q190117	Q581105
Q484847	Q581105
Q3798668	Q392933
Q3798668	Q112165992
Q189900	Q392933
Q189900	Q112165992
Q392933	Q112165992
Q936518	Q112165992
Q1875606	Q392933
Q1875606	Q112165992
Q1434048	Q392933
Q1434048	Q112165992
Q765633	Q392933
Q765633	Q112165992
Q5916	Q392933
Q5916	Q112165992
Q3798668	Q837171
Q189900	Q837171
Q392933	Q837171
Q936518	Q837171
Q3798668	Q29584638
Q3798668	Q29584639
Q3798668	Q29585354
Q3798668	Q107597925
Q3798668	Q107597958
Q189900	Q29584638
Q189900	Q29584639
Q189900	Q29585354
Q189900	Q107597925
Q189900	Q107597958
Q392933	Q29584639
Q392933	Q29585354
Q936518	Q29584638
Q936518	Q29584639
Q936518	Q29585354
Q936518	Q107597925
Q3798668	Q2876213
Q189900	Q2876213
Q392933	Q2876213
Q862571	Q540912
Q2151621	Q540912
Q862571	Q493630
Q2151621	Q493630
Q862571	Q39558
Q862571	Q126793
Q2151621	Q39558
Q2151621	Q126793
Q207652	Q396622
Q207652	Q540912
Q862571	Q607081
Q765633	Q474200
Q1412205	Q474200
Q765633	Q1361182
Q1412205	Q1361182
Q41767	Q1924906
Q41767	Q29585248
Q5358497	Q1924906
Q5358497	Q29585248
Q29585284	Q1924906
Q29585284	Q29585248
Q107598010	Q1924906
Q107598010	Q29585248
Q29585247	Q1924906
Q29585247	Q29585248
Q1924906	Q29585248
Q126793	Q80962
Q695829	Q80962
Q1955150	Q3064237
Q66221	Q193395
Q66221	Q66221
Q7590	Q7590
Q7590	Q651658
Q7590	Q29584725
Q177777	Q29584725
Q2285982	Q385378
Q392933	Q385378
Q2285982	Q44497
Q392933	Q44497
Q1144661	Q59308842
Q645292	Q645292
Q768186	Q645292
Q12144907	Q29585219
Q13405640	Q29585219
Q29584253	Q206615
Q12144907	Q206615
Q13405640	Q206615
Q29584253	Q1933500
Q12144907	Q1933500
Q13405640	Q1933500
Q29584253	Q56557475
Q12144907	Q29584253
Q12144907	Q56557475
Q13405640	Q29584253
Q13405640	Q56557475
Q44497	Q29584253
Q507443	Q112165285
Q114466	Q114466
Q837171	Q730038
Q806718	Q730038
Q57774188	Q730038
Q867147	Q220695
Q867147	Q29585554
Q867147	Q126793
Q867147	Q31207
Q867147	Q614304
Q126793	Q12752882
Q12752882	Q12752882
Q5268834	Q5268834
Q56598901	Q5268834
Q941594	Q1061635
Q56611639	Q56598901
Q220695	Q425779
Q220695	Q13107184
Q177777	Q425779
Q177777	Q13107184
Q507443	Q425779
Q57774188	Q1248784
Q29584334	Q1248784
Q873442	Q1248784
Q11833245	Q1248784
Q778575	Q212920
Q837171	Q2401742
Q837171	Q56598901
Q1067601	Q3966
Q862571	Q63436916
Q2151621	Q63436916
Q730038	Q22687
Q905318	Q905318
Q905318	Q1945600
Q1945600	Q905318
Q1945600	Q1945600
Q862571	Q905318
Q862571	Q1945600
Q2516512	Q4265939
Q1751445	Q171141
Q2401742	Q294240
Q1187656	Q13233
Q29584582	Q190117
Q29584583	Q190117
Q29585306	Q190117
Q778575	Q220695
Q29584582	Q220695
Q29584635	Q220695
Q29584583	Q220695
Q29585306	Q220695
Q107597925	Q220695
Q107597958	Q220695
Q392933	Q220695
Q179310	Q11650
Q179310	Q186819
Q179310	Q581105
Q179310	Q5057302
Q190117	Q15815448
Q29584629	Q29584334
Q396622	Q396622
Q396622	Q1802960
Q1802960	Q396622
Q1802960	Q1802960
Q57774188	Q2518196
Q29584334	Q2518196
Q806718	Q1875606
Q2986369	Q190117
Q3477381	Q190117
Q778575	Q1924906
Q2986369	Q1924906
Q3477381	Q1924906
Q778575	Q112165356
Q2986369	Q112165356
Q3477381	Q112165356
Q56604188	Q112165356
Q778575	Q112165451
Q2986369	Q112165451
Q3477381	Q112165451
Q56604188	Q112165451
Q778575	Q1345638
Q2986369	Q1345638
Q3477381	Q1345638
Q56604188	Q1345638
Q778575	Q29584619
Q2986369	Q29584619
Q3477381	Q1326885
Q3477381	Q29584619
Q56604188	Q29584619
Q418	Q29584619
Q1326885	Q29584619
Q2986369	Q880371
Q3477381	Q880371
Q56604188	Q880371
Q778575	Q3477381
Q2986369	Q3477381
Q3477381	Q3477381
Q56604188	Q3477381
Q778575	Q29585350
Q2986369	Q29585350
Q3477381	Q29585350
Q56604188	Q29585350
Q778575	Q29584599
Q778575	Q29585283
Q2986369	Q29584599
Q2986369	Q29585283
Q3477381	Q29584599
Q3477381	Q29585283
Q56604188	Q29584599
Q56604188	Q29585283
Q778575	Q107597925
Q2986369	Q107597925
Q3477381	Q107597925
Q56604188	Q107597925
Q837171	Q61054412
Q219577	Q126793
Q1945600	Q126793
Q29584313	Q126793
Q107602764	Q126793
Q862571	Q29584253
Q862571	Q29584984
Q21328659	Q29584253
Q21328659	Q29584984
Q44497	Q29584984
Q1349660	Q29584253
Q1349660	Q29584984
Q29584984	Q29584253
Q29584984	Q29584984
Q1945600	Q29584253
Q1945600	Q29584984
Q29584984	Q207652
Q1945600	Q207652
Q862571	Q29584334
Q21328659	Q29584334
Q29584984	Q29584334
Q1945600	Q29584334
Q936518	Q8473
Q936518	Q765633
Q392933	Q8473
Q2151621	Q8473
Q2151621	Q765633
Q936518	Q8421
Q392933	Q8421
Q2151621	Q8421
Q190117	Q8421
Q29584629	Q8421
Q4828699	Q8421
Q112122778	Q8421
Q2151621	Q936518
Q2151621	Q190117
Q936518	Q1875606
Q392933	Q1875606
Q2151621	Q1875606
Q936518	Q101333
Q2151621	Q101333
Q29584629	Q101333
Q392933	Q29584629
Q2151621	Q29584629
Q2151621	Q107597958
Q107597925	Q187939
Q418	Q184452
Q9323634	Q133744
Q9323634	Q155930
Q9323634	Q29584313
Q9323634	Q778575
Q9323634	Q217107
Q9323634	Q926780
Q1957908	Q474200
Q10302057	Q2516512
Q10302057	Q178512
Q1875606	Q101333
Q189900	Q101333
Q3798668	Q101333
Q397334	Q29585157
Q397334	Q29585554
Q11451	Q29585157
Q11451	Q29585554
Q540912	Q1193236
Q907703	Q177777
Q907703	Q220695
Q907703	Q1365365
Q187939	Q13405640
Q57774188	Q29584334
Q806718	Q29584334
Q57774188	Q112166106
Q806718	Q112166106
Q837171	Q112166106
Q29584334	Q112166106
Q2283886	Q1609891
Q107598107	Q1609891
Q2283886	Q18218474
Q2283886	Q29584316
Q2283886	Q29585094
Q2283886	Q29585098
Q2283886	Q29585480
Q2283886	Q29585550
Q2283886	Q29585624
Q2283886	Q29585642
Q2283886	Q112117667
Q2283886	Q112122223
Q2283886	Q112122679
Q107598107	Q18218474
Q107598107	Q29584316
Q107598107	Q29585094
Q107598107	Q29585098
Q107598107	Q29585480
Q107598107	Q29585550
Q107598107	Q29585624
Q107598107	Q29585642
Q107598107	Q112117667
Q107598107	Q112122223
Q107598107	Q112122679
Q57774188	Q1495452
Q2151621	Q2356921
Q2151621	Q29585403
Q581105	Q212920
Q778575	Q581105
Q581105	Q837171
Q862571	Q40858
Q56611700	Q2373485
Q5892272	Q2373485
Q5892272	Q11661
Q63383285	Q507443
Q126793	Q261428
Q1341477	Q12089268
Q4290	Q219577
Q4290	Q778575
Q4290	Q12144907
Q4290	Q43183
Q4290	Q806718
Q4290	Q837171
Q4290	Q2038986
Q4290	Q57774188
Q126793	Q581105
Q2151621	Q1406985
Q1341477	Q1406985
Q2151621	Q418
Q1341477	Q418
Q1945600	Q2285982
Q1248784	Q670113
Q1248784	Q1248784
Q190117	Q638608
Q190117	Q1666934
Q2986369	Q638608
Q2986369	Q1666934
Q1326885	Q1666934
Q12303494	Q12303494
Q12303494	Q29585175
Q2401742	Q18390969
Q765633	Q765633
Q22667	Q11023
Q22667	Q29585306
Q22667	Q107597925
Q107597925	Q11023
Q1326885	Q29585306
Q1326885	Q107597925
Q294550	Q29584592
Q294550	Q107598010
Q29584592	Q29584592
Q29584592	Q107598010
Q97616144	Q12684
Q97616144	Q126793
Q187939	Q2401742
Q627371	Q13554450
Q13554450	Q13554450
Q627371	Q507443
Q13554450	Q507443
Q2518196	Q29584334
Q29585157	Q1924906
Q880371	Q1050367
Q880371	Q11416
Q21328659	Q29584659
Q540912	Q637776
Q540912	Q1751445
Q1799415	Q10494269
Q207652	Q29585146
Q207652	Q29585330
Q207652	Q107597925
Q1326594	Q29585623
Q1326594	Q107603209
Q3565868	Q29585623
Q3565868	Q107603209
Q1326594	Q2072431
Q1326594	Q29585621
Q3565868	Q2072431
Q3565868	Q29585621
Q1326594	Q107597925
Q3565868	Q107597925
Q1326594	Q220695
Q1326594	Q29584253
Q1326594	Q29585552
Q3565868	Q220695
Q3565868	Q29584253
Q3565868	Q29585552
Q3565868	Q1326594
Q1326594	Q516739
Q3565868	Q516739
Q155930	Q651658
Q862571	Q214261
Q29584447	Q192296
Q29584447	Q107601662
Q107601662	Q192296
Q6657015	Q31207
Q331814	Q396622
Q331814	Q126793
Q331814	Q220695
Q17132031	Q1625796
Q17132031	Q29584463
Q17132031	Q29584635
Q17132031	Q107597958
Q107597958	Q1625796
Q107597958	Q29584463
Q507443	Q5915560
Q568041	Q43015
Q568041	Q568041
Q43015	Q43015
Q43015	Q568041
Q622662	Q936518
Q112130247	Q112130247
Q220695	Q81799
Q716785	Q81799
Q220695	Q192935
Q716785	Q192935
Q2285982	Q29585247
Q187939	Q29584635
Q187939	Q107597958
Q107597958	Q187939
Q187939	Q474200
Q187939	Q1413942
Q187939	Q107597925
Q107597925	Q474200
Q107597925	Q1413942
Q107597958	Q1413942
Q187939	Q1957908
Q107597925	Q1957908
Q107597958	Q1957908
Q11828862	Q126793
Q11828862	Q607081
Q126793	Q607081
Q220695	Q607081
Q946499	Q946499
Q946499	Q7590
Q3477363	Q190117
Q3477363	Q3477363
Q190117	Q3477363
Q3477363	Q1924906
Q13747706	Q101333
Q1067601	Q941594
Q112046	Q1341287
Q837171	Q1341287
Q112046	Q155930
Q112046	Q4174178
Q57262286	Q37038
Q57262286	Q941594
Q57262286	Q11033
Q207652	Q180538
Q207652	Q29584313
Q207652	Q29584959
Q207652	Q29585104
Q207652	Q107598107
Q385378	Q2151621
Q2151621	Q4489420
Q20612431	Q4489420
Q29584595	Q2401742
Q29584759	Q2401742
Q107605278	Q2401742
Q787422	Q787422
Q101333	Q3565868
Q101333	Q220695
Q2151621	Q844861
Q2151621	Q2401742
Q418	Q2090081
Q11828862	Q2401742
Q1193236	Q2401742
Q11416	Q1050367
Q11416	Q11416
Q11416	Q664702
Q11416	Q1506462
Q5358497	Q110702998
Q1318054	Q880371
Q1304795	Q383973
Q107594896	Q383973
Q2151621	Q383973
Q1304795	Q2151621
Q107594896	Q2151621
Q1304795	Q1951366
Q107594896	Q1951366
Q383973	Q2151621
Q1745299	Q49389
Q507619	Q507619
Q11828862	Q11828862
Q11828862	Q12684
Q11828862	Q770899
Q837171	Q11828862
Q1056396	Q63348704
Q63348704	Q63348704
Q1056396	Q899277
Q63348704	Q899277
Q126793	Q5358497
Q29584334	Q178803
Q778575	Q29585145
Q16638398	Q862571
Q16638398	Q29585145
Q29584408	Q862571
Q29584408	Q29585145
Q29585235	Q862571
Q29585235	Q29585145
Q1945600	Q862571
Q1945600	Q29585145
Q941594	Q131359
Q126793	Q29585524
Q126793	Q29585602
Q11024	Q418
Q627371	Q227870
Q29585018	Q227870
Q107601756	Q227870
Q101333	Q7590
Q49389	Q126793
Q581105	Q27731
Q581105	Q5268834
Q880371	Q27731
Q880371	Q5268834
Q915196	Q915196
Q29585219	Q112165315
Q806718	Q68
Q837171	Q68
Q57774188	Q68
Q540912	Q43183
Q540912	Q7361709
Q14620	Q29584604
Q14620	Q107598010
Q107598010	Q29584604
Q107598010	Q107598010
Q14620	Q11633
Q107598010	Q11633
Q14620	Q1519843
Q107598010	Q1519843
Q184452	Q15078788
Q184452	Q173799
Q15078788	Q11030
Q184452	Q11030
Q862571	Q155930
Q862571	Q29584313
Q1349660	Q155930
Q1349660	Q29584313
Q12089268	Q155930
Q12089268	Q29584313
Q1349660	Q12089268
Q44497	Q12144907
Q29584253	Q12144907
Q44497	Q29584505
Q44497	Q112166038
Q29584253	Q112166038
Q1807108	Q651658
Q627371	Q29585019
Q41958	Q112165913
Q41958	Q171141
Q29584231	Q75
Q29584231	Q446760
Q476115	Q12684
Q476115	Q55639
Q476115	Q5915560
Q1957908	Q112165435
Q107597958	Q112165435
Q1326885	Q112165435
Q1957908	Q101333
Q107597958	Q101333
Q601401	Q1318768
Q601401	Q1751445
Q17172633	Q3972943
Q1144899	Q3972943
Q17172633	Q15078788
Q1144899	Q15078788
Q17172633	Q11033
Q1144899	Q11033
Q581105	Q864121
Q210337	Q581105
Q210337	Q864121
Q2401742	Q864121
Q56598901	Q864121
Q383973	Q1326594
Q383973	Q1326624
Q1116826	Q1057214
Q101333	Q29585318
Q101333	Q107597925
Q1957908	Q29585318
Q107597925	Q29585318
Q101333	Q29585308
Q101333	Q29585312
Q1957908	Q29585308
Q1957908	Q29585312
Q107597925	Q29585308
Q107597925	Q29585312
Q101333	Q29585306
Q1957908	Q29585306
Q5358497	Q56598901
Q11650	Q56598901
Q5358497	Q1366737
Q11650	Q1366737
Q5358497	Q179310
Q11650	Q179310
Q11650	Q5358497
Q5358497	Q190117
Q2986369	Q112165382
Q385378	Q20612431
Q1951366	Q2401742
Q1951366	Q56598901
Q1951366	Q474883
Q177777	Q112122764
Q177777	Q112128650
Q11644505	Q154
Q507443	Q112165702
Q335415	Q335415
Q335415	Q29584467
Q1957908	Q1326885
Q1957908	Q29585288
Q107597925	Q1326885
Q107597925	Q29585288
Q57774188	Q43183
Q57774188	Q4290
Q57264543	Q112166038
Q29584498	Q29584253
Q29584498	Q29585207
Q29585207	Q29584253
Q29585207	Q29585207
Q29584253	Q29585207
Q29584629	Q29584629
Q107597958	Q29584629
Q2401742	Q874342
Q2401742	Q1430291
Q2401742	Q220499
Q2401742	Q19595701
Q2401742	Q485669
Q2401742	Q3353185
Q2401742	Q186165
Q29584728	Q3565868
Q29584728	Q29585621
Q29584730	Q3565868
Q29584730	Q29585621
Q29584313	Q3565868
Q29584313	Q29585621
Q29584720	Q2234623
Q29585621	Q2234623
Q29585621	Q3565868
Q107603209	Q2234623
Q107603209	Q3565868
Q3565868	Q385378
Q3565868	Q13405640
Q3565868	Q29585434
Q29584720	Q385378
Q29584720	Q13405640
Q29584720	Q29585434
Q29585621	Q385378
Q29585621	Q13405640
Q29585621	Q29585434
Q107603209	Q385378
Q107603209	Q13405640
Q107603209	Q29585434
Q29584334	Q385378
Q29584334	Q13405640
Q29584334	Q29585434
Q3565868	Q29584720
Q29584720	Q29584720
Q29585621	Q29584720
Q107603209	Q29584720
Q29584720	Q107597925
Q29585621	Q107597925
Q107603209	Q107597925
Q476115	Q29584334
Q476115	Q29585689
Q476115	Q57774188
Q476115	Q392933
Q476115	Q23700345
Q476115	Q126793
Q476115	Q1727518
Q476115	Q31207
Q837171	Q190864
Q837171	Q540626
Q837171	Q3322597
Q177777	Q29584313
Q177777	Q29584739
Q29584725	Q29584313
Q29584725	Q29584739
Q651658	Q29584313
Q651658	Q29584739
Q7590	Q29584313
Q7590	Q29584739
Q1957908	Q1957908
Q601401	Q44497
Q57443580	Q44497
Q2151621	Q19267753
Q868404	Q875696
Q56573357	Q875696
Q875696	Q875696
Q868404	Q187939
Q56573357	Q187939
Q1193236	Q1660132
Q35127	Q1660132
Q43183	Q1660132
Q1193236	Q3972943
Q35127	Q3972943
Q43183	Q3972943
Q1193236	Q683794
Q35127	Q683794
Q43183	Q683794
Q190117	Q11295636
Q190117	Q1481411
Q190117	Q1540863
Q190117	Q126793
Q190117	Q484847
Q2518196	Q112166000
Q207652	Q29585175
Q207652	Q29585244
Q187939	Q16000047
Q187939	Q112165430
Q187939	Q13747706
Q187939	Q29584625
Q187939	Q11451
Q187939	Q101333
Q49845	Q837171
Q476115	Q1957908
Q11650	Q21157865
Q383973	Q1341478
Q837060	Q180388
Q132580	Q180388
Q2401742	Q1941618
Q2401742	Q96472425
Q1341477	Q192127
Q1341477	Q112166047
Q1660104	Q126793
Q29584754	Q880371
Q837171	Q101333
Q385378	Q2401742
Q385378	Q56598901
Q837171	Q11650
Q837171	Q269415
Q837171	Q73768396
Q837171	Q1666934
Q837171	Q193424
Q837171	Q484847
Q837171	Q5892272
Q837171	Q11425
Q837171	Q194195
Q837171	Q1415395
Q837171	Q9323634
Q837171	Q19595701
Q837171	Q56611639
Q837171	Q59308842
Q837171	Q1326885
Q837171	Q2986369
Q484847	Q126793
Q484847	Q484847
Q837171	Q3477363
Q837171	Q507443
Q837171	Q63383285
Q837171	Q56611700
Q837171	Q5358497
Q837171	Q474200
Q837171	Q936518
Q837171	Q16955053
Q837171	Q867147
Q837171	Q57262286
Q837171	Q22656
Q837171	Q1751445
Q837171	Q57497035
Q4899370	Q126793
Q4899370	Q1751445
Q4899370	Q57497035
Q1187656	Q126793
Q1187656	Q1751445
Q1187656	Q57497035
Q540912	Q57497035
Q837171	Q1660132
Q837171	Q778575
Q837171	Q7108
Q837171	Q187939
Q837171	Q12089268
Q2876213	Q3565868
Q2876213	Q15815448
Q2876213	Q29584289
Q1924906	Q29585547
Q1924906	Q107602764
Q1924906	Q29585548
Q880371	Q14859880
Q1955150	Q14859880
Q101333	Q1924906
Q101333	Q29585243
Q101333	Q29585548
Q101333	Q57583712
Q581105	Q1924906
Q581105	Q29585243
Q581105	Q29585548
Q581105	Q57583712
Q29584707	Q29584707
Q29584707	Q107602514
Q107602514	Q29584707
Q107602514	Q107602514
Q29584707	Q29584467
Q29584707	Q107598107
Q107602514	Q29584467
Q107602514	Q107598107
Q29584707	Q29585021
Q29584707	Q107601756
Q107602514	Q29585021
Q107602514	Q107601756
Q29584707	Q29585014
Q107602514	Q29585014
Q29584707	Q862571
Q107602514	Q862571
Q601401	Q11467
Q2518196	Q112130253
Q43183	Q112130253
Q2518196	Q626608
Q44497	Q56604589
Q56604589	Q44497
Q56604589	Q56604589
Q173799	Q41253
Q998426	Q126793
Q126793	Q5465458
Q126793	Q507619
Q126793	Q1260046
Q126793	Q540912
Q17018236	Q190117
Q17018236	Q29585361
Q190117	Q29585361
Q107601756	Q29585018
Q107601756	Q112165169
Q16070574	Q112165267
Q837171	Q1326594
Q29584334	Q1326594
Q17377208	Q178512
Q17377208	Q3565868
Q132898730	Q132898730
Q110702998	Q132898730
Q132898730	Q1067601
Q110702998	Q1067601
Q132898730	Q3966
Q110702998	Q3966
Q132898730	Q110702998
Q110702998	Q110702998
Q57610344	Q2828218
Q2828218	Q2828218
Q392933	Q2729047
Q936518	Q112165459
Q392933	Q112165459
Q15847894	Q190117
Q99529212	Q190117
Q190117	Q15847894
Q15847894	Q15847894
Q99529212	Q15847894
Q8148	Q396622
Q177777	Q396622
Q396622	Q112165992
Q8148	Q112165992
Q331814	Q112165992
Q177777	Q112165992
Q396622	Q131262517
Q8148	Q131262517
Q331814	Q131262517
Q177777	Q131262517
Q396622	Q4063722
Q8148	Q4063722
Q331814	Q4063722
Q177777	Q4063722
Q396622	Q112165673
Q8148	Q112165673
Q331814	Q112165673
Q177777	Q112165673
Q622662	Q474200
Q29584279	Q474200
Q1924906	Q474200
Q11467	Q474200
Q622662	Q1326885
Q622662	Q107597925
Q622662	Q107597958
Q29584279	Q1326885
Q29584279	Q107597925
Q29584279	Q107597958
Q1924906	Q1326885
Q1924906	Q107597925
Q1924906	Q107597958
Q11467	Q1326885
Q11467	Q107597925
Q11467	Q107597958
Q862571	Q15067276
Q1349660	Q15067276
Q214261	Q15067276
Q12089268	Q15067276
Q219577	Q837171
Q2401742	Q1358919
Q56598901	Q1358919
Q110702998	Q11990434
Q126793	Q2401742
Q507619	Q2401742
Q16766413	Q2401742
Q220695	Q2401742
Q507619	Q126793
Q16766413	Q126793
Q220695	Q484847
Q334911	Q2518196
Q334911	Q334911
Q29585002	Q29585002
Q29585002	Q29585025
Q29585002	Q107601756
Q29585025	Q29585002
Q29585025	Q29585025
Q29585025	Q107601756
Q107601756	Q29585002
Q107601756	Q29585025
Q4236467	Q3357577
Q1061648	Q862571
Q1061648	Q2401742
Q1061648	Q177777
Q1061648	Q2234623
Q1061648	Q3565868
Q1061648	Q29584720
Q1061648	Q1660104
Q1061648	Q1341477
Q56598901	Q23700481
Q837171	Q16319025
Q540912	Q11451
Q1924906	Q112165959
Q1924906	Q3477381
Q1924906	Q29585353
Q2401742	Q29584762
Q2401742	Q112128677
Q56598901	Q29584762
Q56598901	Q112128677
Q112128677	Q2401742
Q112128677	Q29584762
Q112128677	Q56598901
Q112128677	Q112128677
Q5892272	Q2401742
Q5892272	Q29584762
Q5892272	Q56598901
Q5892272	Q112128677
Q56598901	Q721830
Q1341477	Q84321415
Q1439700	Q880371
Q107598010	Q880371
Q207652	Q880371
Q1439700	Q207652
Q1439700	Q29584604
Q1439700	Q29585175
Q1439700	Q107598010
Q107598010	Q207652
Q107598010	Q29585175
Q207652	Q29584604
Q29584490	Q29584604
Q29584490	Q29585175
Q29584490	Q107598010
Q1326624	Q2316331
Q1326624	Q11023
Q184452	Q56598901
Q418	Q112128677
Q184452	Q112128677
Q385378	Q2431825
Q385378	Q13377238
Q385378	Q3875186
Q385378	Q4181026
Q385378	Q1669427
Q385378	Q1311476
Q2401742	Q29584760
Q56598901	Q29584760
Q29584739	Q492425
Q651658	Q492425
Q207652	Q101333
Q3565868	Q777754
Q2072431	Q777754
Q2072431	Q3565868
Q3565868	Q42240
Q2072431	Q42240
Q3565868	Q446760
Q2072431	Q446760
Q3565868	Q1957908
Q2072431	Q1957908
Q941594	Q483639
Q11661	Q483639
Q941594	Q1666934
Q11661	Q1666934
Q941594	Q19595701
Q11661	Q19595701
Q484847	Q941594
Q941594	Q43015
Q11661	Q43015
Q11661	Q746359
Q11661	Q10302058
Q11990434	Q187939
Q11990434	Q1957814
Q837171	Q1668556
Q187939	Q1668556
Q117156504	Q187939
Q117156504	Q1668556
Q837171	Q3241671
Q2401742	Q43015
Q2401742	Q986008
Q56598901	Q43015
Q56598901	Q986008
Q56598901	Q746359
Q56598901	Q18390969
Q11033	Q841645
Q11828862	Q22676
Q126793	Q22676
Q8148	Q22676
Q126793	Q12684
Q8148	Q12684
Q8148	Q607081
Q126793	Q4438117
Q8148	Q4438117
Q607081	Q4438117
Q187939	Q14745
Q126793	Q212920
Q2072431	Q1740966
Q2072431	Q178512
Q581105	Q124610042
Q483130	Q124610042
Q385378	Q651658
Q107597925	Q29584585
Q187939	Q4115400
Q11456	Q47616
Q467054	Q47616
Q1326885	Q47616
Q11456	Q210064
Q467054	Q210064
Q1326885	Q210064
Q11456	Q1326885
Q11456	Q29584615
Q467054	Q1326885
Q467054	Q29584615
Q11456	Q44497
Q11456	Q383973
Q11456	Q1326594
Q11456	Q29584410
Q467054	Q44497
Q467054	Q383973
Q467054	Q1326594
Q467054	Q29584410
Q1326885	Q383973
Q1326885	Q29584410
Q1341477	Q178803
Q29584408	Q178803
Q29584408	Q1326594
Q29584408	Q1341477
Q22687	Q22687
Q1666934	Q22687
Q23700345	Q181487
Q10757701	Q181487
Q23699878	Q181487
Q181487	Q181487
Q268626	Q181487
Q23700345	Q130286
Q10757701	Q130286
Q23699878	Q130286
Q181487	Q130286
Q268626	Q130286
Q23700345	Q740419
Q23700345	Q2346442
Q10757701	Q740419
Q10757701	Q2346442
Q23699878	Q740419
Q23699878	Q2346442
Q181487	Q740419
Q181487	Q2346442
Q268626	Q740419
Q268626	Q2346442
Q1056396	Q21157865
Q1495452	Q49389
Q2516512	Q49389
Q155930	Q49389
Q177777	Q49389
Q49389	Q49389
Q1495452	Q818912
Q2516512	Q818912
Q155930	Q818912
Q177777	Q818912
Q49389	Q818912
Q1495452	Q155930
Q2516512	Q155930
Q177777	Q155930
Q49389	Q155930
Q1495452	Q2516512
Q2516512	Q2516512
Q155930	Q2516512
Q177777	Q2516512
Q49389	Q2516512
Q1495452	Q1433891
Q2516512	Q1433891
Q155930	Q1433891
Q177777	Q1433891
Q49389	Q1433891
Q126793	Q112165784
Q126793	Q13405640
Q1326594	Q472093
Q200928	Q472093
Q1261026	Q11030
Q1261026	Q56611639
Q1261026	Q97466012
Q2085381	Q11030
Q2085381	Q56611639
Q2085381	Q97466012
Q507443	Q12752882
Q12752882	Q507443
Q574514	Q507443
Q574514	Q12752882
Q29584265	Q126793
Q778575	Q213369
Q806718	Q1945600
Q837171	Q1945600
Q57774188	Q1945600
Q4498099	Q4899370
Q2401742	Q992968
Q2401742	Q2401749
Q57774188	Q778575
Q1260046	Q1260046
Q837171	Q913709
Q837171	Q11451
Q837171	Q2294553
Q57774188	Q2294553
Q23700345	Q29584771
Q10757701	Q29584771
Q77590	Q3875186
Q77590	Q27955379
Q2518196	Q1416641
Q837171	Q1416641
Q43183	Q1416641
Q2518196	Q112165997
Q837171	Q112165997
Q43183	Q112165997
Q2518196	Q2143354
Q837171	Q2143354
Q43183	Q2143354
Q2518196	Q112166002
Q837171	Q112166002
Q43183	Q112166002
Q2518196	Q29585689
Q837171	Q29585689
Q43183	Q29585689
Q2518196	Q29585701
Q837171	Q29585701
Q43183	Q29585701
Q112128806	Q43183
Q112128806	Q29585701
Q507619	Q212930
Q484847	Q212930
Q507619	Q837171
Q507619	Q39809
Q507619	Q124946
Q806718	Q2518196
Q43015	Q2518196
Q2401742	Q210337
Q56598901	Q210337
Q29584739	Q177777
Q29585640	Q177777
Q29585642	Q177777
Q651658	Q177777
Q177777	Q2234623
Q29584739	Q2234623
Q29585640	Q2234623
Q29585642	Q2234623
Q651658	Q2234623
Q484847	Q582794
Q96472431	Q806718
Q44497	Q806718
Q1400881	Q806718
Q43015	Q806718
Q11451	Q806718
Q121359	Q806718
Q1304795	Q844861
Q219577	Q1924906
Q219577	Q107602764
Q1945600	Q1924906
Q1945600	Q107602764
Q29584313	Q1924906
Q29584313	Q107602764
Q107602764	Q1924906
Q107602764	Q107602764
Q219577	Q29585547
Q1945600	Q29585547
Q29584313	Q862571
Q29584313	Q29585547
Q107602764	Q862571
Q107602764	Q29585547
Q507443	Q220695
Q873442	Q4063722
Q2151621	Q1924906
Q2151621	Q4063722
Q1048894	Q1924906
Q1048894	Q4063722
Q1945600	Q4063722
Q4063722	Q190117
Q4063722	Q1875606
Q4063722	Q2995256
Q2518196	Q1502514
Q2518196	Q112130247
Q29584334	Q43015
Q29585169	Q207652
Q29585169	Q392933
Q207652	Q392933
Q778575	Q2225985
Q778575	Q112165880
Q29584490	Q29585060
Q207652	Q29585060
Q29584490	Q29585338
Q29584490	Q107597925
Q207652	Q29585338
Q29584490	Q107601662
Q3569648	Q49390
Q806718	Q49390
Q16023725	Q49390
Q15067276	Q49390
Q746359	Q49390
Q540912	Q49390
Q2401742	Q49390
Q9323634	Q49390
Q3569648	Q2401742
Q806718	Q2401742
Q16023725	Q2401742
Q15067276	Q2401742
Q746359	Q2401742
Q9323634	Q2401742
Q3569648	Q22687
Q16023725	Q22687
Q15067276	Q22687
Q746359	Q22687
Q540912	Q22687
Q2401742	Q22687
Q9323634	Q22687
Q3569648	Q31207
Q16023725	Q31207
Q15067276	Q31207
Q746359	Q31207
Q540912	Q31207
Q9323634	Q31207
Q3569648	Q837171
Q16023725	Q837171
Q15067276	Q837171
Q746359	Q837171
Q540912	Q837171
Q9323634	Q837171
Q3569648	Q126793
Q806718	Q126793
Q16023725	Q126793
Q15067276	Q126793
Q746359	Q126793
Q9323634	Q126793
Q3569648	Q133744
Q806718	Q133744
Q16023725	Q133744
Q15067276	Q133744
Q746359	Q133744
Q540912	Q133744
Q2401742	Q133744
Q3569648	Q418
Q806718	Q418
Q16023725	Q418
Q15067276	Q418
Q746359	Q418
Q9323634	Q418
Q3569648	Q1875606
Q16023725	Q1875606
Q15067276	Q1875606
Q746359	Q1875606
Q540912	Q1875606
Q2401742	Q1875606
Q9323634	Q1875606
Q3569648	Q190117
Q806718	Q190117
Q16023725	Q190117
Q15067276	Q190117
Q746359	Q190117
Q540912	Q190117
Q9323634	Q190117
Q3569648	Q1378498
Q806718	Q1378498
Q16023725	Q1378498
Q15067276	Q1378498
Q746359	Q1378498
Q540912	Q1378498
Q2401742	Q1378498
Q9323634	Q1378498
Q1420	Q1420
Q1420	Q8775913
Q8775913	Q1420
Q8775913	Q8775913
Q29584625	Q13747706
Q837171	Q81799
Q770899	Q29584265
Q29584265	Q29584265
Q1326594	Q1341478
Q29584284	Q1326594
Q29584284	Q1803786
Q2401742	Q1326594
Q2401742	Q1803786
Q41767	Q41767
Q41767	Q26965868
Q41767	Q376
Q41767	Q157798
Q41767	Q392933
Q177777	Q2518196
Q57616250	Q2518196
Q57616250	Q2516512
Q177777	Q806718
Q57616250	Q806718
Q177777	Q57774188
Q57616250	Q57774188
Q941594	Q210167
Q1957908	Q392933
Q190117	Q392933
Q1957908	Q601401
Q190117	Q601401
Q392933	Q601401
Q107597925	Q601401
Q107597958	Q601401
Q837171	Q216212
Q29584313	Q43183
Q109937225	Q43183
Q29584730	Q43183
Q109937225	Q29584313
Q29584730	Q29584313
Q29584313	Q178803
Q29584313	Q29584739
Q29584313	Q29585503
Q109937225	Q178803
Q109937225	Q29584739
Q109937225	Q29585503
Q29584730	Q178803
Q29584730	Q29584739
Q29584730	Q29585503
Q220695	Q29584739
Q220695	Q29585503
Q1502514	Q178803
Q1502514	Q29584739
Q1502514	Q29585503
Q29584981	Q385378
Q29584253	Q385378
Q29584981	Q29584253
Q29584981	Q29584981
Q29584253	Q29584981
Q4497711	Q862571
Q101333	Q474200
Q1326885	Q474200
Q3565868	Q55638
Q3565868	Q9323634
Q7406919	Q17102188
Q385378	Q2518196
Q385378	Q216931
Q5358497	Q216931
Q385378	Q5358497
Q955043	Q955043
Q126793	Q6520325
Q126793	Q57262286
Q2285982	Q112165330
Q1924906	Q112165330
Q112128806	Q29584334
Q11469	Q785222
Q2401742	Q209588
Q4453957	Q1193236
Q289	Q1193236
Q273623	Q1193236
Q4453957	Q11030
Q273623	Q11030
Q4453957	Q1727518
Q289	Q1727518
Q273623	Q1727518
Q4453957	Q273623
Q289	Q273623
Q273623	Q273623
Q273623	Q56611639
Q61054412	Q61054412
Q200928	Q29584727
Q112046	Q29584727
Q2151621	Q2234623
Q11451	Q11451
Q11451	Q627371
Q207652	Q627371
Q16955053	Q190117
Q3565868	Q190117
Q220695	Q110702998
Q13405640	Q77590
Q1924906	Q2995256
Q1447463	Q484847
Q77590	Q130370834
Q56611639	Q56560668
Q695829	Q178512
Q385378	Q178512
Q2055808	Q1757562
Q4181026	Q13405640
Q2460103	Q13405640
Q831541	Q13405640
Q10932402	Q1431026
Q154383	Q1431026
Q862571	Q1867977
Q131734	Q107601756
Q2986369	Q5358497
Q212920	Q5358497
Q941594	Q5358497
Q778575	Q872
Q101333	Q872
Q1803786	Q872
Q1875606	Q872
Q190117	Q872
Q192899	Q872
Q466707	Q844861
Q466707	Q12103756
Q466707	Q21328659
Q2085381	Q3972943
Q126793	Q3972943
Q11416	Q1341287
Q11416	Q1349660
Q862571	Q1341287
Q11661	Q1341287
Q11661	Q1349660
Q4290	Q1341287
Q4290	Q1349660
